-- Export generado desde SQLite para importar datos en MySQL.
-- Recomendado: ejecutar primero `php artisan migrate --force` sobre MySQL.
SET NAMES utf8mb4;
SET FOREIGN_KEY_CHECKS=0;

-- Table: users
DELETE FROM `users`;
INSERT INTO `users` (`id`, `name`, `email`, `email_verified_at`, `password`, `remember_token`, `created_at`, `updated_at`) VALUES (1, 'Alejandro Demo', 'alejandro@example.com', NULL, '$2y$12$ngq2Wo3dUpxUDGUvTzXZ5uW8uQp1Wjy8UgShRU.frzfYXU1vEEaLK', NULL, '2026-04-11 14:09:21', '2026-04-11 14:09:21');

-- Table: categories
DELETE FROM `categories`;
INSERT INTO `categories` (`id`, `name`, `slug`, `description`, `image`, `is_featured`, `created_at`, `updated_at`) VALUES (1, 'Cocinas', 'cocinas', 'Modulos superiores, alacenas y bajo mesadas pensados para resistir el uso diario.', NULL, 1, '2026-04-11 14:09:21', '2026-04-11 14:09:21');
INSERT INTO `categories` (`id`, `name`, `slug`, `description`, `image`, `is_featured`, `created_at`, `updated_at`) VALUES (2, 'Dormitorios', 'dormitorios', 'Placares, mesas de luz y respaldos con almacenaje inteligente.', NULL, 1, '2026-04-11 14:09:21', '2026-04-11 14:09:21');
INSERT INTO `categories` (`id`, `name`, `slug`, `description`, `image`, `is_featured`, `created_at`, `updated_at`) VALUES (3, 'Oficinas', 'oficinas', 'Escritorios, bibliotecas y estaciones de trabajo para espacios productivos.', NULL, 1, '2026-04-11 14:09:21', '2026-04-11 14:09:21');
INSERT INTO `categories` (`id`, `name`, `slug`, `description`, `image`, `is_featured`, `created_at`, `updated_at`) VALUES (4, 'Living', 'living', 'Racks, vajilleros y muebles modulares para exhibir y guardar.', NULL, 1, '2026-04-11 14:09:21', '2026-04-11 14:09:21');

-- Table: products
DELETE FROM `products`;
INSERT INTO `products` (`id`, `category_id`, `name`, `slug`, `sku`, `short_description`, `description`, `price`, `stock`, `image`, `is_active`, `is_featured`, `created_at`, `updated_at`, `lead_time_days`) VALUES (1, 1, 'Cocina Modular Alba', 'cocina-modular-alba', 'COC-ALBA-001', 'Combinacion de roble claro y blanco mate para cocinas luminosas.', 'Incluye bajo mesada, torre de horno y alacenas con herrajes de cierre suave.', 1250000, 3, NULL, 1, 1, '2026-04-11 14:09:21', '2026-04-11 14:09:21', 7);
INSERT INTO `products` (`id`, `category_id`, `name`, `slug`, `sku`, `short_description`, `description`, `price`, `stock`, `image`, `is_active`, `is_featured`, `created_at`, `updated_at`, `lead_time_days`) VALUES (2, 2, 'Placard Andes', 'placard-andes', 'DOR-ANDES-001', 'Placard de tres puertas con interiores modulables.', 'Integra barrales, cajonera central y baulera superior para optimizar guardado.', 890000, 4, NULL, 1, 1, '2026-04-11 14:09:21', '2026-04-11 14:09:21', 7);
INSERT INTO `products` (`id`, `category_id`, `name`, `slug`, `sku`, `short_description`, `description`, `price`, `stock`, `image`, `is_active`, `is_featured`, `created_at`, `updated_at`, `lead_time_days`) VALUES (3, 3, 'Escritorio Nativo', 'escritorio-nativo', 'OFI-NATIVO-001', 'Superficie amplia con modulo lateral para archivos y CPU.', 'Ideal para home office con pasacables ocultos y tapa de 36 mm reforzada.', 480000, 8, NULL, 1, 1, '2026-04-11 14:09:21', '2026-04-11 14:09:21', 7);
INSERT INTO `products` (`id`, `category_id`, `name`, `slug`, `sku`, `short_description`, `description`, `price`, `stock`, `image`, `is_active`, `is_featured`, `created_at`, `updated_at`, `lead_time_days`) VALUES (4, 4, 'Rack Terra', 'rack-terra', 'LIV-TERRA-001', 'Rack para TV con puertas corredizas y nichos abiertos.', 'Pensado para televisores grandes, consolas y organizacion de cables.', 540000, 0, NULL, 1, 1, '2026-04-11 14:09:21', '2026-04-11 14:15:13', 7);

-- Table: product_color_variants
DELETE FROM `product_color_variants`;
INSERT INTO `product_color_variants` (`id`, `product_id`, `name`, `slug`, `hex_color`, `sort_order`, `created_at`, `updated_at`, `swatch_image_path`) VALUES (1, 1, 'Blanco Patagonia', 'blanco-patagonia', '#F3EFE8', 0, '2026-04-11 14:09:21', '2026-04-11 14:09:21', 'data:image/svg+xml;charset=UTF-8,%3Csvg%20xmlns%3D%22http%3A%2F%2Fwww.w3.org%2F2000%2Fsvg%22%20viewBox%3D%220%200%20240%20240%22%20role%3D%22img%22%20aria-label%3D%22Blanco%20Patagonia%22%3E%0A%20%20%3Cdefs%3E%0A%20%20%20%20%3ClinearGradient%20id%3D%22swatch%22%20x1%3D%220%25%22%20y1%3D%220%25%22%20x2%3D%22100%25%22%20y2%3D%22100%25%22%3E%0A%20%20%20%20%20%20%3Cstop%20offset%3D%220%25%22%20stop-color%3D%22%23FFFFFA%22%2F%3E%0A%20%20%20%20%20%20%3Cstop%20offset%3D%22100%25%22%20stop-color%3D%22%23F3EFE8%22%2F%3E%0A%20%20%20%20%3C%2FlinearGradient%3E%0A%20%20%3C%2Fdefs%3E%0A%20%20%3Crect%20width%3D%22240%22%20height%3D%22240%22%20rx%3D%2228%22%20fill%3D%22url%28%23swatch%29%22%2F%3E%0A%20%20%3Crect%20x%3D%2224%22%20y%3D%2240%22%20width%3D%22192%22%20height%3D%2218%22%20rx%3D%229%22%20fill%3D%22%23E1DDD6%22%20opacity%3D%220.18%22%2F%3E%0A%20%20%3Crect%20x%3D%2224%22%20y%3D%2294%22%20width%3D%22192%22%20height%3D%2212%22%20rx%3D%226%22%20fill%3D%22%23E1DDD6%22%20opacity%3D%220.12%22%2F%3E%0A%20%20%3Crect%20x%3D%2224%22%20y%3D%22132%22%20width%3D%22192%22%20height%3D%2220%22%20rx%3D%2210%22%20fill%3D%22%23E1DDD6%22%20opacity%3D%220.1%22%2F%3E%0A%20%20%3Crect%20x%3D%2224%22%20y%3D%22184%22%20width%3D%22128%22%20height%3D%2216%22%20rx%3D%228%22%20fill%3D%22rgba%2824%2C33%2C43%2C0.12%29%22%2F%3E%0A%20%20%3Ctext%20x%3D%2224%22%20y%3D%22214%22%20fill%3D%22%2318212B%22%20font-size%3D%2216%22%20font-family%3D%22Montserrat%2C%20Arial%2C%20sans-serif%22%20font-weight%3D%22700%22%3EBLANCO%20PATAGONIA%3C%2Ftext%3E%0A%3C%2Fsvg%3E');
INSERT INTO `product_color_variants` (`id`, `product_id`, `name`, `slug`, `hex_color`, `sort_order`, `created_at`, `updated_at`, `swatch_image_path`) VALUES (2, 1, 'Roble Siena', 'roble-siena', '#B88B64', 1, '2026-04-11 14:09:21', '2026-04-11 14:09:21', 'data:image/svg+xml;charset=UTF-8,%3Csvg%20xmlns%3D%22http%3A%2F%2Fwww.w3.org%2F2000%2Fsvg%22%20viewBox%3D%220%200%20240%20240%22%20role%3D%22img%22%20aria-label%3D%22Roble%20Siena%22%3E%0A%20%20%3Cdefs%3E%0A%20%20%20%20%3ClinearGradient%20id%3D%22swatch%22%20x1%3D%220%25%22%20y1%3D%220%25%22%20x2%3D%22100%25%22%20y2%3D%22100%25%22%3E%0A%20%20%20%20%20%20%3Cstop%20offset%3D%220%25%22%20stop-color%3D%22%23CA9D76%22%2F%3E%0A%20%20%20%20%20%20%3Cstop%20offset%3D%22100%25%22%20stop-color%3D%22%23B88B64%22%2F%3E%0A%20%20%20%20%3C%2FlinearGradient%3E%0A%20%20%3C%2Fdefs%3E%0A%20%20%3Crect%20width%3D%22240%22%20height%3D%22240%22%20rx%3D%2228%22%20fill%3D%22url%28%23swatch%29%22%2F%3E%0A%20%20%3Crect%20x%3D%2224%22%20y%3D%2240%22%20width%3D%22192%22%20height%3D%2218%22%20rx%3D%229%22%20fill%3D%22%23A67952%22%20opacity%3D%220.18%22%2F%3E%0A%20%20%3Crect%20x%3D%2224%22%20y%3D%2294%22%20width%3D%22192%22%20height%3D%2212%22%20rx%3D%226%22%20fill%3D%22%23A67952%22%20opacity%3D%220.12%22%2F%3E%0A%20%20%3Crect%20x%3D%2224%22%20y%3D%22132%22%20width%3D%22192%22%20height%3D%2220%22%20rx%3D%2210%22%20fill%3D%22%23A67952%22%20opacity%3D%220.1%22%2F%3E%0A%20%20%3Crect%20x%3D%2224%22%20y%3D%22184%22%20width%3D%22128%22%20height%3D%2216%22%20rx%3D%228%22%20fill%3D%22rgba%2824%2C33%2C43%2C0.12%29%22%2F%3E%0A%20%20%3Ctext%20x%3D%2224%22%20y%3D%22214%22%20fill%3D%22%2318212B%22%20font-size%3D%2216%22%20font-family%3D%22Montserrat%2C%20Arial%2C%20sans-serif%22%20font-weight%3D%22700%22%3EROBLE%20SIENA%3C%2Ftext%3E%0A%3C%2Fsvg%3E');
INSERT INTO `product_color_variants` (`id`, `product_id`, `name`, `slug`, `hex_color`, `sort_order`, `created_at`, `updated_at`, `swatch_image_path`) VALUES (3, 2, 'Lino Arena', 'lino-arena', '#D8D5CE', 0, '2026-04-11 14:09:21', '2026-04-11 14:09:21', 'data:image/svg+xml;charset=UTF-8,%3Csvg%20xmlns%3D%22http%3A%2F%2Fwww.w3.org%2F2000%2Fsvg%22%20viewBox%3D%220%200%20240%20240%22%20role%3D%22img%22%20aria-label%3D%22Lino%20Arena%22%3E%0A%20%20%3Cdefs%3E%0A%20%20%20%20%3ClinearGradient%20id%3D%22swatch%22%20x1%3D%220%25%22%20y1%3D%220%25%22%20x2%3D%22100%25%22%20y2%3D%22100%25%22%3E%0A%20%20%20%20%20%20%3Cstop%20offset%3D%220%25%22%20stop-color%3D%22%23EAE7E0%22%2F%3E%0A%20%20%20%20%20%20%3Cstop%20offset%3D%22100%25%22%20stop-color%3D%22%23D8D5CE%22%2F%3E%0A%20%20%20%20%3C%2FlinearGradient%3E%0A%20%20%3C%2Fdefs%3E%0A%20%20%3Crect%20width%3D%22240%22%20height%3D%22240%22%20rx%3D%2228%22%20fill%3D%22url%28%23swatch%29%22%2F%3E%0A%20%20%3Crect%20x%3D%2224%22%20y%3D%2240%22%20width%3D%22192%22%20height%3D%2218%22%20rx%3D%229%22%20fill%3D%22%23C6C3BC%22%20opacity%3D%220.18%22%2F%3E%0A%20%20%3Crect%20x%3D%2224%22%20y%3D%2294%22%20width%3D%22192%22%20height%3D%2212%22%20rx%3D%226%22%20fill%3D%22%23C6C3BC%22%20opacity%3D%220.12%22%2F%3E%0A%20%20%3Crect%20x%3D%2224%22%20y%3D%22132%22%20width%3D%22192%22%20height%3D%2220%22%20rx%3D%2210%22%20fill%3D%22%23C6C3BC%22%20opacity%3D%220.1%22%2F%3E%0A%20%20%3Crect%20x%3D%2224%22%20y%3D%22184%22%20width%3D%22128%22%20height%3D%2216%22%20rx%3D%228%22%20fill%3D%22rgba%2824%2C33%2C43%2C0.12%29%22%2F%3E%0A%20%20%3Ctext%20x%3D%2224%22%20y%3D%22214%22%20fill%3D%22%2318212B%22%20font-size%3D%2216%22%20font-family%3D%22Montserrat%2C%20Arial%2C%20sans-serif%22%20font-weight%3D%22700%22%3ELINO%20ARENA%3C%2Ftext%3E%0A%3C%2Fsvg%3E');
INSERT INTO `product_color_variants` (`id`, `product_id`, `name`, `slug`, `hex_color`, `sort_order`, `created_at`, `updated_at`, `swatch_image_path`) VALUES (4, 2, 'Nogal Andino', 'nogal-andino', '#6B5948', 1, '2026-04-11 14:09:21', '2026-04-11 14:09:21', 'data:image/svg+xml;charset=UTF-8,%3Csvg%20xmlns%3D%22http%3A%2F%2Fwww.w3.org%2F2000%2Fsvg%22%20viewBox%3D%220%200%20240%20240%22%20role%3D%22img%22%20aria-label%3D%22Nogal%20Andino%22%3E%0A%20%20%3Cdefs%3E%0A%20%20%20%20%3ClinearGradient%20id%3D%22swatch%22%20x1%3D%220%25%22%20y1%3D%220%25%22%20x2%3D%22100%25%22%20y2%3D%22100%25%22%3E%0A%20%20%20%20%20%20%3Cstop%20offset%3D%220%25%22%20stop-color%3D%22%237D6B5A%22%2F%3E%0A%20%20%20%20%20%20%3Cstop%20offset%3D%22100%25%22%20stop-color%3D%22%236B5948%22%2F%3E%0A%20%20%20%20%3C%2FlinearGradient%3E%0A%20%20%3C%2Fdefs%3E%0A%20%20%3Crect%20width%3D%22240%22%20height%3D%22240%22%20rx%3D%2228%22%20fill%3D%22url%28%23swatch%29%22%2F%3E%0A%20%20%3Crect%20x%3D%2224%22%20y%3D%2240%22%20width%3D%22192%22%20height%3D%2218%22%20rx%3D%229%22%20fill%3D%22%23594736%22%20opacity%3D%220.18%22%2F%3E%0A%20%20%3Crect%20x%3D%2224%22%20y%3D%2294%22%20width%3D%22192%22%20height%3D%2212%22%20rx%3D%226%22%20fill%3D%22%23594736%22%20opacity%3D%220.12%22%2F%3E%0A%20%20%3Crect%20x%3D%2224%22%20y%3D%22132%22%20width%3D%22192%22%20height%3D%2220%22%20rx%3D%2210%22%20fill%3D%22%23594736%22%20opacity%3D%220.1%22%2F%3E%0A%20%20%3Crect%20x%3D%2224%22%20y%3D%22184%22%20width%3D%22128%22%20height%3D%2216%22%20rx%3D%228%22%20fill%3D%22rgba%2824%2C33%2C43%2C0.12%29%22%2F%3E%0A%20%20%3Ctext%20x%3D%2224%22%20y%3D%22214%22%20fill%3D%22%2318212B%22%20font-size%3D%2216%22%20font-family%3D%22Montserrat%2C%20Arial%2C%20sans-serif%22%20font-weight%3D%22700%22%3ENOGAL%20ANDINO%3C%2Ftext%3E%0A%3C%2Fsvg%3E');
INSERT INTO `product_color_variants` (`id`, `product_id`, `name`, `slug`, `hex_color`, `sort_order`, `created_at`, `updated_at`, `swatch_image_path`) VALUES (5, 3, 'Tortora Tecnico', 'tortora-tecnico', '#D1C4B0', 0, '2026-04-11 14:09:21', '2026-04-11 14:09:21', 'data:image/svg+xml;charset=UTF-8,%3Csvg%20xmlns%3D%22http%3A%2F%2Fwww.w3.org%2F2000%2Fsvg%22%20viewBox%3D%220%200%20240%20240%22%20role%3D%22img%22%20aria-label%3D%22Tortora%20Tecnico%22%3E%0A%20%20%3Cdefs%3E%0A%20%20%20%20%3ClinearGradient%20id%3D%22swatch%22%20x1%3D%220%25%22%20y1%3D%220%25%22%20x2%3D%22100%25%22%20y2%3D%22100%25%22%3E%0A%20%20%20%20%20%20%3Cstop%20offset%3D%220%25%22%20stop-color%3D%22%23E3D6C2%22%2F%3E%0A%20%20%20%20%20%20%3Cstop%20offset%3D%22100%25%22%20stop-color%3D%22%23D1C4B0%22%2F%3E%0A%20%20%20%20%3C%2FlinearGradient%3E%0A%20%20%3C%2Fdefs%3E%0A%20%20%3Crect%20width%3D%22240%22%20height%3D%22240%22%20rx%3D%2228%22%20fill%3D%22url%28%23swatch%29%22%2F%3E%0A%20%20%3Crect%20x%3D%2224%22%20y%3D%2240%22%20width%3D%22192%22%20height%3D%2218%22%20rx%3D%229%22%20fill%3D%22%23BFB29E%22%20opacity%3D%220.18%22%2F%3E%0A%20%20%3Crect%20x%3D%2224%22%20y%3D%2294%22%20width%3D%22192%22%20height%3D%2212%22%20rx%3D%226%22%20fill%3D%22%23BFB29E%22%20opacity%3D%220.12%22%2F%3E%0A%20%20%3Crect%20x%3D%2224%22%20y%3D%22132%22%20width%3D%22192%22%20height%3D%2220%22%20rx%3D%2210%22%20fill%3D%22%23BFB29E%22%20opacity%3D%220.1%22%2F%3E%0A%20%20%3Crect%20x%3D%2224%22%20y%3D%22184%22%20width%3D%22128%22%20height%3D%2216%22%20rx%3D%228%22%20fill%3D%22rgba%2824%2C33%2C43%2C0.12%29%22%2F%3E%0A%20%20%3Ctext%20x%3D%2224%22%20y%3D%22214%22%20fill%3D%22%2318212B%22%20font-size%3D%2216%22%20font-family%3D%22Montserrat%2C%20Arial%2C%20sans-serif%22%20font-weight%3D%22700%22%3ETORTORA%20TECNICO%3C%2Ftext%3E%0A%3C%2Fsvg%3E');
INSERT INTO `product_color_variants` (`id`, `product_id`, `name`, `slug`, `hex_color`, `sort_order`, `created_at`, `updated_at`, `swatch_image_path`) VALUES (6, 3, 'Petroleo Urbano', 'petroleo-urbano', '#4A5E73', 1, '2026-04-11 14:09:21', '2026-04-11 14:09:21', 'data:image/svg+xml;charset=UTF-8,%3Csvg%20xmlns%3D%22http%3A%2F%2Fwww.w3.org%2F2000%2Fsvg%22%20viewBox%3D%220%200%20240%20240%22%20role%3D%22img%22%20aria-label%3D%22Petroleo%20Urbano%22%3E%0A%20%20%3Cdefs%3E%0A%20%20%20%20%3ClinearGradient%20id%3D%22swatch%22%20x1%3D%220%25%22%20y1%3D%220%25%22%20x2%3D%22100%25%22%20y2%3D%22100%25%22%3E%0A%20%20%20%20%20%20%3Cstop%20offset%3D%220%25%22%20stop-color%3D%22%235C7085%22%2F%3E%0A%20%20%20%20%20%20%3Cstop%20offset%3D%22100%25%22%20stop-color%3D%22%234A5E73%22%2F%3E%0A%20%20%20%20%3C%2FlinearGradient%3E%0A%20%20%3C%2Fdefs%3E%0A%20%20%3Crect%20width%3D%22240%22%20height%3D%22240%22%20rx%3D%2228%22%20fill%3D%22url%28%23swatch%29%22%2F%3E%0A%20%20%3Crect%20x%3D%2224%22%20y%3D%2240%22%20width%3D%22192%22%20height%3D%2218%22%20rx%3D%229%22%20fill%3D%22%23384C61%22%20opacity%3D%220.18%22%2F%3E%0A%20%20%3Crect%20x%3D%2224%22%20y%3D%2294%22%20width%3D%22192%22%20height%3D%2212%22%20rx%3D%226%22%20fill%3D%22%23384C61%22%20opacity%3D%220.12%22%2F%3E%0A%20%20%3Crect%20x%3D%2224%22%20y%3D%22132%22%20width%3D%22192%22%20height%3D%2220%22%20rx%3D%2210%22%20fill%3D%22%23384C61%22%20opacity%3D%220.1%22%2F%3E%0A%20%20%3Crect%20x%3D%2224%22%20y%3D%22184%22%20width%3D%22128%22%20height%3D%2216%22%20rx%3D%228%22%20fill%3D%22rgba%2824%2C33%2C43%2C0.12%29%22%2F%3E%0A%20%20%3Ctext%20x%3D%2224%22%20y%3D%22214%22%20fill%3D%22%2318212B%22%20font-size%3D%2216%22%20font-family%3D%22Montserrat%2C%20Arial%2C%20sans-serif%22%20font-weight%3D%22700%22%3EPETROLEO%20URBANO%3C%2Ftext%3E%0A%3C%2Fsvg%3E');
INSERT INTO `product_color_variants` (`id`, `product_id`, `name`, `slug`, `hex_color`, `sort_order`, `created_at`, `updated_at`, `swatch_image_path`) VALUES (13, 4, 'EVEREST', 'everest', '#D5C4B3', 0, '2026-04-11 14:16:54', '2026-04-11 14:16:54', 'uploads/product-variants/swatches/8cef35b0-24cf-417b-9224-5b3bdfa0fd62.png');
INSERT INTO `product_color_variants` (`id`, `product_id`, `name`, `slug`, `hex_color`, `sort_order`, `created_at`, `updated_at`, `swatch_image_path`) VALUES (14, 4, 'JADE', 'jade', '#D5C4B3', 1, '2026-04-11 14:16:54', '2026-04-11 14:16:54', 'uploads/product-variants/swatches/8345d102-6952-4c2b-a90a-1786fa629dc4.png');
INSERT INTO `product_color_variants` (`id`, `product_id`, `name`, `slug`, `hex_color`, `sort_order`, `created_at`, `updated_at`, `swatch_image_path`) VALUES (15, 4, 'KIRI', 'kiri', '#D5C4B3', 2, '2026-04-11 14:16:54', '2026-04-11 14:16:54', 'uploads/product-variants/swatches/2443d6b2-2bd9-4275-abcc-b90ee3626759.png');
INSERT INTO `product_color_variants` (`id`, `product_id`, `name`, `slug`, `hex_color`, `sort_order`, `created_at`, `updated_at`, `swatch_image_path`) VALUES (16, 4, 'MERLOT', 'merlot', '#D5C4B3', 3, '2026-04-11 14:16:54', '2026-04-11 14:16:54', 'uploads/product-variants/swatches/14ab02dd-4d06-4645-b433-f4bf7415da14.png');

-- Table: product_color_variant_images
DELETE FROM `product_color_variant_images`;
INSERT INTO `product_color_variant_images` (`id`, `product_color_variant_id`, `image_path`, `alt_text`, `sort_order`, `created_at`, `updated_at`) VALUES (1, 1, 'data:image/svg+xml;charset=UTF-8,%3Csvg%20xmlns%3D%22http%3A%2F%2Fwww.w3.org%2F2000%2Fsvg%22%20viewBox%3D%220%200%201200%20900%22%20role%3D%22img%22%20aria-label%3D%22Cocina%20Modular%20Alba%20Blanco%20Patagonia%20Vista%20frontal%22%3E%0A%20%20%3Cdefs%3E%0A%20%20%20%20%3ClinearGradient%20id%3D%22bg%22%20x1%3D%220%25%22%20y1%3D%220%25%22%20x2%3D%22100%25%22%20y2%3D%22100%25%22%3E%0A%20%20%20%20%20%20%3Cstop%20offset%3D%220%25%22%20stop-color%3D%22%23F4F2EE%22%2F%3E%0A%20%20%20%20%20%20%3Cstop%20offset%3D%2250%25%22%20stop-color%3D%22%23FFFFFE%22%2F%3E%0A%20%20%20%20%20%20%3Cstop%20offset%3D%22100%25%22%20stop-color%3D%22%23EEF3F5%22%2F%3E%0A%20%20%20%20%3C%2FlinearGradient%3E%0A%20%20%20%20%3ClinearGradient%20id%3D%22panel%22%20x1%3D%220%25%22%20y1%3D%220%25%22%20x2%3D%22100%25%22%20y2%3D%22100%25%22%3E%0A%20%20%20%20%20%20%3Cstop%20offset%3D%220%25%22%20stop-color%3D%22%23F3EFE8%22%2F%3E%0A%20%20%20%20%20%20%3Cstop%20offset%3D%22100%25%22%20stop-color%3D%22%23F3EFE8%22%2F%3E%0A%20%20%20%20%3C%2FlinearGradient%3E%0A%20%20%3C%2Fdefs%3E%0A%20%20%3Crect%20width%3D%221200%22%20height%3D%22900%22%20rx%3D%2248%22%20fill%3D%22url%28%23bg%29%22%2F%3E%0A%20%20%3Ccircle%20cx%3D%221020%22%20cy%3D%22160%22%20r%3D%22140%22%20fill%3D%22%23FFFFFE%22%20opacity%3D%220.4%22%2F%3E%0A%20%20%3Ccircle%20cx%3D%22180%22%20cy%3D%22760%22%20r%3D%22180%22%20fill%3D%22%23F3EFE8%22%20opacity%3D%220.15%22%2F%3E%0A%20%20%3Crect%20x%3D%2292%22%20y%3D%2286%22%20width%3D%221016%22%20height%3D%22728%22%20rx%3D%2236%22%20fill%3D%22rgba%28255%2C255%2C255%2C0.55%29%22%20stroke%3D%22rgba%2824%2C33%2C43%2C0.08%29%22%2F%3E%0A%20%20%3Crect%20x%3D%22170%22%20y%3D%22220%22%20width%3D%22860%22%20height%3D%22420%22%20rx%3D%2230%22%20fill%3D%22url%28%23panel%29%22%20opacity%3D%220.18%22%2F%3E%0A%20%20%3Crect%20x%3D%22218%22%20y%3D%22278%22%20width%3D%22764%22%20height%3D%22308%22%20rx%3D%2226%22%20fill%3D%22rgba%28255%2C255%2C255%2C0.78%29%22%20stroke%3D%22rgba%2824%2C33%2C43%2C0.12%29%22%2F%3E%0A%20%20%3Crect%20x%3D%22260%22%20y%3D%22320%22%20width%3D%22680%22%20height%3D%22224%22%20rx%3D%2220%22%20fill%3D%22%23F3EFE8%22%20opacity%3D%220.92%22%2F%3E%0A%20%20%3Crect%20x%3D%22260%22%20y%3D%22320%22%20width%3D%22680%22%20height%3D%2236%22%20rx%3D%2218%22%20fill%3D%22%23D9D5CE%22%20opacity%3D%220.18%22%2F%3E%0A%20%20%3Crect%20x%3D%22308%22%20y%3D%22368%22%20width%3D%22180%22%20height%3D%22128%22%20rx%3D%2216%22%20fill%3D%22rgba%28255%2C255%2C255%2C0.35%29%22%2F%3E%0A%20%20%3Crect%20x%3D%22518%22%20y%3D%22368%22%20width%3D%22180%22%20height%3D%22128%22%20rx%3D%2216%22%20fill%3D%22rgba%28255%2C255%2C255%2C0.28%29%22%2F%3E%0A%20%20%3Crect%20x%3D%22728%22%20y%3D%22368%22%20width%3D%22164%22%20height%3D%22128%22%20rx%3D%2216%22%20fill%3D%22rgba%2824%2C33%2C43%2C0.12%29%22%2F%3E%0A%20%20%3Crect%20x%3D%22248%22%20y%3D%22566%22%20width%3D%22704%22%20height%3D%2222%22%20rx%3D%2211%22%20fill%3D%22%23D9D5CE%22%20opacity%3D%220.18%22%2F%3E%0A%20%20%3Ctext%20x%3D%22170%22%20y%3D%22154%22%20fill%3D%22%23202F5B%22%20font-size%3D%2234%22%20font-family%3D%22Montserrat%2C%20Arial%2C%20sans-serif%22%20font-weight%3D%22700%22%3EM%C3%96BELS%20ALEJANDRO%3C%2Ftext%3E%0A%20%20%3Ctext%20x%3D%22170%22%20y%3D%22192%22%20fill%3D%22%234F8191%22%20font-size%3D%2222%22%20font-family%3D%22Manrope%2C%20Arial%2C%20sans-serif%22%3ECocina%20Modular%20Alba%20%C2%B7%20Blanco%20Patagonia%20%C2%B7%20Vista%20frontal%3C%2Ftext%3E%0A%20%20%3Ctext%20x%3D%22170%22%20y%3D%22734%22%20fill%3D%22%2318212B%22%20font-size%3D%2246%22%20font-family%3D%22Montserrat%2C%20Arial%2C%20sans-serif%22%20font-weight%3D%22700%22%3EMelamina%20premium%3C%2Ftext%3E%0A%20%20%3Ctext%20x%3D%22170%22%20y%3D%22778%22%20fill%3D%22%2360707D%22%20font-size%3D%2224%22%20font-family%3D%22Manrope%2C%20Arial%2C%20sans-serif%22%3EDisponible%20en%207%20dias%20%C2%B7%20Herrajes%20seleccionados%20%C2%B7%20Color%20Blanco%20Patagonia%3C%2Ftext%3E%0A%3C%2Fsvg%3E', 'Cocina Modular Alba en Blanco Patagonia', 0, '2026-04-11 14:09:21', '2026-04-11 14:09:21');
INSERT INTO `product_color_variant_images` (`id`, `product_color_variant_id`, `image_path`, `alt_text`, `sort_order`, `created_at`, `updated_at`) VALUES (2, 1, 'data:image/svg+xml;charset=UTF-8,%3Csvg%20xmlns%3D%22http%3A%2F%2Fwww.w3.org%2F2000%2Fsvg%22%20viewBox%3D%220%200%201200%20900%22%20role%3D%22img%22%20aria-label%3D%22Cocina%20Modular%20Alba%20Blanco%20Patagonia%20Detalle%20de%20terminacion%22%3E%0A%20%20%3Cdefs%3E%0A%20%20%20%20%3ClinearGradient%20id%3D%22bg%22%20x1%3D%220%25%22%20y1%3D%220%25%22%20x2%3D%22100%25%22%20y2%3D%22100%25%22%3E%0A%20%20%20%20%20%20%3Cstop%20offset%3D%220%25%22%20stop-color%3D%22%23F4F2EE%22%2F%3E%0A%20%20%20%20%20%20%3Cstop%20offset%3D%2250%25%22%20stop-color%3D%22%23FFFFFE%22%2F%3E%0A%20%20%20%20%20%20%3Cstop%20offset%3D%22100%25%22%20stop-color%3D%22%23EEF3F5%22%2F%3E%0A%20%20%20%20%3C%2FlinearGradient%3E%0A%20%20%20%20%3ClinearGradient%20id%3D%22panel%22%20x1%3D%220%25%22%20y1%3D%220%25%22%20x2%3D%22100%25%22%20y2%3D%22100%25%22%3E%0A%20%20%20%20%20%20%3Cstop%20offset%3D%220%25%22%20stop-color%3D%22%23F3EFE8%22%2F%3E%0A%20%20%20%20%20%20%3Cstop%20offset%3D%22100%25%22%20stop-color%3D%22%23E5E1DA%22%2F%3E%0A%20%20%20%20%3C%2FlinearGradient%3E%0A%20%20%3C%2Fdefs%3E%0A%20%20%3Crect%20width%3D%221200%22%20height%3D%22900%22%20rx%3D%2248%22%20fill%3D%22url%28%23bg%29%22%2F%3E%0A%20%20%3Ccircle%20cx%3D%221020%22%20cy%3D%22160%22%20r%3D%22140%22%20fill%3D%22%23FFFFFE%22%20opacity%3D%220.4%22%2F%3E%0A%20%20%3Ccircle%20cx%3D%22180%22%20cy%3D%22760%22%20r%3D%22180%22%20fill%3D%22%23E5E1DA%22%20opacity%3D%220.15%22%2F%3E%0A%20%20%3Crect%20x%3D%2292%22%20y%3D%2286%22%20width%3D%221016%22%20height%3D%22728%22%20rx%3D%2236%22%20fill%3D%22rgba%28255%2C255%2C255%2C0.55%29%22%20stroke%3D%22rgba%2824%2C33%2C43%2C0.08%29%22%2F%3E%0A%20%20%3Crect%20x%3D%22170%22%20y%3D%22220%22%20width%3D%22860%22%20height%3D%22420%22%20rx%3D%2230%22%20fill%3D%22url%28%23panel%29%22%20opacity%3D%220.18%22%2F%3E%0A%20%20%3Crect%20x%3D%22218%22%20y%3D%22278%22%20width%3D%22764%22%20height%3D%22308%22%20rx%3D%2226%22%20fill%3D%22rgba%28255%2C255%2C255%2C0.78%29%22%20stroke%3D%22rgba%2824%2C33%2C43%2C0.12%29%22%2F%3E%0A%20%20%3Crect%20x%3D%22260%22%20y%3D%22320%22%20width%3D%22680%22%20height%3D%22224%22%20rx%3D%2220%22%20fill%3D%22%23F3EFE8%22%20opacity%3D%220.92%22%2F%3E%0A%20%20%3Crect%20x%3D%22260%22%20y%3D%22320%22%20width%3D%22680%22%20height%3D%2236%22%20rx%3D%2218%22%20fill%3D%22%23D9D5CE%22%20opacity%3D%220.18%22%2F%3E%0A%20%20%3Crect%20x%3D%22308%22%20y%3D%22368%22%20width%3D%22180%22%20height%3D%22128%22%20rx%3D%2216%22%20fill%3D%22rgba%28255%2C255%2C255%2C0.35%29%22%2F%3E%0A%20%20%3Crect%20x%3D%22518%22%20y%3D%22368%22%20width%3D%22180%22%20height%3D%22128%22%20rx%3D%2216%22%20fill%3D%22rgba%28255%2C255%2C255%2C0.28%29%22%2F%3E%0A%20%20%3Crect%20x%3D%22728%22%20y%3D%22368%22%20width%3D%22164%22%20height%3D%22128%22%20rx%3D%2216%22%20fill%3D%22rgba%2824%2C33%2C43%2C0.12%29%22%2F%3E%0A%20%20%3Crect%20x%3D%22248%22%20y%3D%22566%22%20width%3D%22704%22%20height%3D%2222%22%20rx%3D%2211%22%20fill%3D%22%23D9D5CE%22%20opacity%3D%220.18%22%2F%3E%0A%20%20%3Ctext%20x%3D%22170%22%20y%3D%22154%22%20fill%3D%22%23202F5B%22%20font-size%3D%2234%22%20font-family%3D%22Montserrat%2C%20Arial%2C%20sans-serif%22%20font-weight%3D%22700%22%3EM%C3%96BELS%20ALEJANDRO%3C%2Ftext%3E%0A%20%20%3Ctext%20x%3D%22170%22%20y%3D%22192%22%20fill%3D%22%234F8191%22%20font-size%3D%2222%22%20font-family%3D%22Manrope%2C%20Arial%2C%20sans-serif%22%3ECocina%20Modular%20Alba%20%C2%B7%20Blanco%20Patagonia%20%C2%B7%20Detalle%20de%20terminacion%3C%2Ftext%3E%0A%20%20%3Ctext%20x%3D%22170%22%20y%3D%22734%22%20fill%3D%22%2318212B%22%20font-size%3D%2246%22%20font-family%3D%22Montserrat%2C%20Arial%2C%20sans-serif%22%20font-weight%3D%22700%22%3EMelamina%20premium%3C%2Ftext%3E%0A%20%20%3Ctext%20x%3D%22170%22%20y%3D%22778%22%20fill%3D%22%2360707D%22%20font-size%3D%2224%22%20font-family%3D%22Manrope%2C%20Arial%2C%20sans-serif%22%3EDisponible%20en%207%20dias%20%C2%B7%20Herrajes%20seleccionados%20%C2%B7%20Color%20Blanco%20Patagonia%3C%2Ftext%3E%0A%3C%2Fsvg%3E', 'Cocina Modular Alba en Blanco Patagonia', 1, '2026-04-11 14:09:21', '2026-04-11 14:09:21');
INSERT INTO `product_color_variant_images` (`id`, `product_color_variant_id`, `image_path`, `alt_text`, `sort_order`, `created_at`, `updated_at`) VALUES (3, 1, 'data:image/svg+xml;charset=UTF-8,%3Csvg%20xmlns%3D%22http%3A%2F%2Fwww.w3.org%2F2000%2Fsvg%22%20viewBox%3D%220%200%201200%20900%22%20role%3D%22img%22%20aria-label%3D%22Cocina%20Modular%20Alba%20Blanco%20Patagonia%20Vista%20en%20ambiente%22%3E%0A%20%20%3Cdefs%3E%0A%20%20%20%20%3ClinearGradient%20id%3D%22bg%22%20x1%3D%220%25%22%20y1%3D%220%25%22%20x2%3D%22100%25%22%20y2%3D%22100%25%22%3E%0A%20%20%20%20%20%20%3Cstop%20offset%3D%220%25%22%20stop-color%3D%22%23F4F2EE%22%2F%3E%0A%20%20%20%20%20%20%3Cstop%20offset%3D%2250%25%22%20stop-color%3D%22%23FFFFFE%22%2F%3E%0A%20%20%20%20%20%20%3Cstop%20offset%3D%22100%25%22%20stop-color%3D%22%23EEF3F5%22%2F%3E%0A%20%20%20%20%3C%2FlinearGradient%3E%0A%20%20%20%20%3ClinearGradient%20id%3D%22panel%22%20x1%3D%220%25%22%20y1%3D%220%25%22%20x2%3D%22100%25%22%20y2%3D%22100%25%22%3E%0A%20%20%20%20%20%20%3Cstop%20offset%3D%220%25%22%20stop-color%3D%22%23F3EFE8%22%2F%3E%0A%20%20%20%20%20%20%3Cstop%20offset%3D%22100%25%22%20stop-color%3D%22%23D7D3CC%22%2F%3E%0A%20%20%20%20%3C%2FlinearGradient%3E%0A%20%20%3C%2Fdefs%3E%0A%20%20%3Crect%20width%3D%221200%22%20height%3D%22900%22%20rx%3D%2248%22%20fill%3D%22url%28%23bg%29%22%2F%3E%0A%20%20%3Ccircle%20cx%3D%221020%22%20cy%3D%22160%22%20r%3D%22140%22%20fill%3D%22%23FFFFFE%22%20opacity%3D%220.4%22%2F%3E%0A%20%20%3Ccircle%20cx%3D%22180%22%20cy%3D%22760%22%20r%3D%22180%22%20fill%3D%22%23D7D3CC%22%20opacity%3D%220.15%22%2F%3E%0A%20%20%3Crect%20x%3D%2292%22%20y%3D%2286%22%20width%3D%221016%22%20height%3D%22728%22%20rx%3D%2236%22%20fill%3D%22rgba%28255%2C255%2C255%2C0.55%29%22%20stroke%3D%22rgba%2824%2C33%2C43%2C0.08%29%22%2F%3E%0A%20%20%3Crect%20x%3D%22170%22%20y%3D%22220%22%20width%3D%22860%22%20height%3D%22420%22%20rx%3D%2230%22%20fill%3D%22url%28%23panel%29%22%20opacity%3D%220.18%22%2F%3E%0A%20%20%3Crect%20x%3D%22218%22%20y%3D%22278%22%20width%3D%22764%22%20height%3D%22308%22%20rx%3D%2226%22%20fill%3D%22rgba%28255%2C255%2C255%2C0.78%29%22%20stroke%3D%22rgba%2824%2C33%2C43%2C0.12%29%22%2F%3E%0A%20%20%3Crect%20x%3D%22260%22%20y%3D%22320%22%20width%3D%22680%22%20height%3D%22224%22%20rx%3D%2220%22%20fill%3D%22%23F3EFE8%22%20opacity%3D%220.92%22%2F%3E%0A%20%20%3Crect%20x%3D%22260%22%20y%3D%22320%22%20width%3D%22680%22%20height%3D%2236%22%20rx%3D%2218%22%20fill%3D%22%23D9D5CE%22%20opacity%3D%220.18%22%2F%3E%0A%20%20%3Crect%20x%3D%22308%22%20y%3D%22368%22%20width%3D%22180%22%20height%3D%22128%22%20rx%3D%2216%22%20fill%3D%22rgba%28255%2C255%2C255%2C0.35%29%22%2F%3E%0A%20%20%3Crect%20x%3D%22518%22%20y%3D%22368%22%20width%3D%22180%22%20height%3D%22128%22%20rx%3D%2216%22%20fill%3D%22rgba%28255%2C255%2C255%2C0.28%29%22%2F%3E%0A%20%20%3Crect%20x%3D%22728%22%20y%3D%22368%22%20width%3D%22164%22%20height%3D%22128%22%20rx%3D%2216%22%20fill%3D%22rgba%2824%2C33%2C43%2C0.12%29%22%2F%3E%0A%20%20%3Crect%20x%3D%22248%22%20y%3D%22566%22%20width%3D%22704%22%20height%3D%2222%22%20rx%3D%2211%22%20fill%3D%22%23D9D5CE%22%20opacity%3D%220.18%22%2F%3E%0A%20%20%3Ctext%20x%3D%22170%22%20y%3D%22154%22%20fill%3D%22%23202F5B%22%20font-size%3D%2234%22%20font-family%3D%22Montserrat%2C%20Arial%2C%20sans-serif%22%20font-weight%3D%22700%22%3EM%C3%96BELS%20ALEJANDRO%3C%2Ftext%3E%0A%20%20%3Ctext%20x%3D%22170%22%20y%3D%22192%22%20fill%3D%22%234F8191%22%20font-size%3D%2222%22%20font-family%3D%22Manrope%2C%20Arial%2C%20sans-serif%22%3ECocina%20Modular%20Alba%20%C2%B7%20Blanco%20Patagonia%20%C2%B7%20Vista%20en%20ambiente%3C%2Ftext%3E%0A%20%20%3Ctext%20x%3D%22170%22%20y%3D%22734%22%20fill%3D%22%2318212B%22%20font-size%3D%2246%22%20font-family%3D%22Montserrat%2C%20Arial%2C%20sans-serif%22%20font-weight%3D%22700%22%3EMelamina%20premium%3C%2Ftext%3E%0A%20%20%3Ctext%20x%3D%22170%22%20y%3D%22778%22%20fill%3D%22%2360707D%22%20font-size%3D%2224%22%20font-family%3D%22Manrope%2C%20Arial%2C%20sans-serif%22%3EDisponible%20en%207%20dias%20%C2%B7%20Herrajes%20seleccionados%20%C2%B7%20Color%20Blanco%20Patagonia%3C%2Ftext%3E%0A%3C%2Fsvg%3E', 'Cocina Modular Alba en Blanco Patagonia', 2, '2026-04-11 14:09:21', '2026-04-11 14:09:21');
INSERT INTO `product_color_variant_images` (`id`, `product_color_variant_id`, `image_path`, `alt_text`, `sort_order`, `created_at`, `updated_at`) VALUES (4, 2, 'data:image/svg+xml;charset=UTF-8,%3Csvg%20xmlns%3D%22http%3A%2F%2Fwww.w3.org%2F2000%2Fsvg%22%20viewBox%3D%220%200%201200%20900%22%20role%3D%22img%22%20aria-label%3D%22Cocina%20Modular%20Alba%20Roble%20Siena%20Vista%20frontal%22%3E%0A%20%20%3Cdefs%3E%0A%20%20%20%20%3ClinearGradient%20id%3D%22bg%22%20x1%3D%220%25%22%20y1%3D%220%25%22%20x2%3D%22100%25%22%20y2%3D%22100%25%22%3E%0A%20%20%20%20%20%20%3Cstop%20offset%3D%220%25%22%20stop-color%3D%22%23F4F2EE%22%2F%3E%0A%20%20%20%20%20%20%3Cstop%20offset%3D%2250%25%22%20stop-color%3D%22%23CEA17A%22%2F%3E%0A%20%20%20%20%20%20%3Cstop%20offset%3D%22100%25%22%20stop-color%3D%22%23EEF3F5%22%2F%3E%0A%20%20%20%20%3C%2FlinearGradient%3E%0A%20%20%20%20%3ClinearGradient%20id%3D%22panel%22%20x1%3D%220%25%22%20y1%3D%220%25%22%20x2%3D%22100%25%22%20y2%3D%22100%25%22%3E%0A%20%20%20%20%20%20%3Cstop%20offset%3D%220%25%22%20stop-color%3D%22%23B88B64%22%2F%3E%0A%20%20%20%20%20%20%3Cstop%20offset%3D%22100%25%22%20stop-color%3D%22%23B88B64%22%2F%3E%0A%20%20%20%20%3C%2FlinearGradient%3E%0A%20%20%3C%2Fdefs%3E%0A%20%20%3Crect%20width%3D%221200%22%20height%3D%22900%22%20rx%3D%2248%22%20fill%3D%22url%28%23bg%29%22%2F%3E%0A%20%20%3Ccircle%20cx%3D%221020%22%20cy%3D%22160%22%20r%3D%22140%22%20fill%3D%22%23CEA17A%22%20opacity%3D%220.4%22%2F%3E%0A%20%20%3Ccircle%20cx%3D%22180%22%20cy%3D%22760%22%20r%3D%22180%22%20fill%3D%22%23B88B64%22%20opacity%3D%220.15%22%2F%3E%0A%20%20%3Crect%20x%3D%2292%22%20y%3D%2286%22%20width%3D%221016%22%20height%3D%22728%22%20rx%3D%2236%22%20fill%3D%22rgba%28255%2C255%2C255%2C0.55%29%22%20stroke%3D%22rgba%2824%2C33%2C43%2C0.08%29%22%2F%3E%0A%20%20%3Crect%20x%3D%22170%22%20y%3D%22220%22%20width%3D%22860%22%20height%3D%22420%22%20rx%3D%2230%22%20fill%3D%22url%28%23panel%29%22%20opacity%3D%220.18%22%2F%3E%0A%20%20%3Crect%20x%3D%22218%22%20y%3D%22278%22%20width%3D%22764%22%20height%3D%22308%22%20rx%3D%2226%22%20fill%3D%22rgba%28255%2C255%2C255%2C0.78%29%22%20stroke%3D%22rgba%2824%2C33%2C43%2C0.12%29%22%2F%3E%0A%20%20%3Crect%20x%3D%22260%22%20y%3D%22320%22%20width%3D%22680%22%20height%3D%22224%22%20rx%3D%2220%22%20fill%3D%22%23B88B64%22%20opacity%3D%220.92%22%2F%3E%0A%20%20%3Crect%20x%3D%22260%22%20y%3D%22320%22%20width%3D%22680%22%20height%3D%2236%22%20rx%3D%2218%22%20fill%3D%22%239E714A%22%20opacity%3D%220.18%22%2F%3E%0A%20%20%3Crect%20x%3D%22308%22%20y%3D%22368%22%20width%3D%22180%22%20height%3D%22128%22%20rx%3D%2216%22%20fill%3D%22rgba%28255%2C255%2C255%2C0.35%29%22%2F%3E%0A%20%20%3Crect%20x%3D%22518%22%20y%3D%22368%22%20width%3D%22180%22%20height%3D%22128%22%20rx%3D%2216%22%20fill%3D%22rgba%28255%2C255%2C255%2C0.28%29%22%2F%3E%0A%20%20%3Crect%20x%3D%22728%22%20y%3D%22368%22%20width%3D%22164%22%20height%3D%22128%22%20rx%3D%2216%22%20fill%3D%22rgba%2824%2C33%2C43%2C0.12%29%22%2F%3E%0A%20%20%3Crect%20x%3D%22248%22%20y%3D%22566%22%20width%3D%22704%22%20height%3D%2222%22%20rx%3D%2211%22%20fill%3D%22%239E714A%22%20opacity%3D%220.18%22%2F%3E%0A%20%20%3Ctext%20x%3D%22170%22%20y%3D%22154%22%20fill%3D%22%23202F5B%22%20font-size%3D%2234%22%20font-family%3D%22Montserrat%2C%20Arial%2C%20sans-serif%22%20font-weight%3D%22700%22%3EM%C3%96BELS%20ALEJANDRO%3C%2Ftext%3E%0A%20%20%3Ctext%20x%3D%22170%22%20y%3D%22192%22%20fill%3D%22%234F8191%22%20font-size%3D%2222%22%20font-family%3D%22Manrope%2C%20Arial%2C%20sans-serif%22%3ECocina%20Modular%20Alba%20%C2%B7%20Roble%20Siena%20%C2%B7%20Vista%20frontal%3C%2Ftext%3E%0A%20%20%3Ctext%20x%3D%22170%22%20y%3D%22734%22%20fill%3D%22%2318212B%22%20font-size%3D%2246%22%20font-family%3D%22Montserrat%2C%20Arial%2C%20sans-serif%22%20font-weight%3D%22700%22%3EMelamina%20premium%3C%2Ftext%3E%0A%20%20%3Ctext%20x%3D%22170%22%20y%3D%22778%22%20fill%3D%22%2360707D%22%20font-size%3D%2224%22%20font-family%3D%22Manrope%2C%20Arial%2C%20sans-serif%22%3EDisponible%20en%207%20dias%20%C2%B7%20Herrajes%20seleccionados%20%C2%B7%20Color%20Roble%20Siena%3C%2Ftext%3E%0A%3C%2Fsvg%3E', 'Cocina Modular Alba en Roble Siena', 0, '2026-04-11 14:09:21', '2026-04-11 14:09:21');
INSERT INTO `product_color_variant_images` (`id`, `product_color_variant_id`, `image_path`, `alt_text`, `sort_order`, `created_at`, `updated_at`) VALUES (5, 2, 'data:image/svg+xml;charset=UTF-8,%3Csvg%20xmlns%3D%22http%3A%2F%2Fwww.w3.org%2F2000%2Fsvg%22%20viewBox%3D%220%200%201200%20900%22%20role%3D%22img%22%20aria-label%3D%22Cocina%20Modular%20Alba%20Roble%20Siena%20Detalle%20de%20terminacion%22%3E%0A%20%20%3Cdefs%3E%0A%20%20%20%20%3ClinearGradient%20id%3D%22bg%22%20x1%3D%220%25%22%20y1%3D%220%25%22%20x2%3D%22100%25%22%20y2%3D%22100%25%22%3E%0A%20%20%20%20%20%20%3Cstop%20offset%3D%220%25%22%20stop-color%3D%22%23F4F2EE%22%2F%3E%0A%20%20%20%20%20%20%3Cstop%20offset%3D%2250%25%22%20stop-color%3D%22%23CEA17A%22%2F%3E%0A%20%20%20%20%20%20%3Cstop%20offset%3D%22100%25%22%20stop-color%3D%22%23EEF3F5%22%2F%3E%0A%20%20%20%20%3C%2FlinearGradient%3E%0A%20%20%20%20%3ClinearGradient%20id%3D%22panel%22%20x1%3D%220%25%22%20y1%3D%220%25%22%20x2%3D%22100%25%22%20y2%3D%22100%25%22%3E%0A%20%20%20%20%20%20%3Cstop%20offset%3D%220%25%22%20stop-color%3D%22%23B88B64%22%2F%3E%0A%20%20%20%20%20%20%3Cstop%20offset%3D%22100%25%22%20stop-color%3D%22%23AA7D56%22%2F%3E%0A%20%20%20%20%3C%2FlinearGradient%3E%0A%20%20%3C%2Fdefs%3E%0A%20%20%3Crect%20width%3D%221200%22%20height%3D%22900%22%20rx%3D%2248%22%20fill%3D%22url%28%23bg%29%22%2F%3E%0A%20%20%3Ccircle%20cx%3D%221020%22%20cy%3D%22160%22%20r%3D%22140%22%20fill%3D%22%23CEA17A%22%20opacity%3D%220.4%22%2F%3E%0A%20%20%3Ccircle%20cx%3D%22180%22%20cy%3D%22760%22%20r%3D%22180%22%20fill%3D%22%23AA7D56%22%20opacity%3D%220.15%22%2F%3E%0A%20%20%3Crect%20x%3D%2292%22%20y%3D%2286%22%20width%3D%221016%22%20height%3D%22728%22%20rx%3D%2236%22%20fill%3D%22rgba%28255%2C255%2C255%2C0.55%29%22%20stroke%3D%22rgba%2824%2C33%2C43%2C0.08%29%22%2F%3E%0A%20%20%3Crect%20x%3D%22170%22%20y%3D%22220%22%20width%3D%22860%22%20height%3D%22420%22%20rx%3D%2230%22%20fill%3D%22url%28%23panel%29%22%20opacity%3D%220.18%22%2F%3E%0A%20%20%3Crect%20x%3D%22218%22%20y%3D%22278%22%20width%3D%22764%22%20height%3D%22308%22%20rx%3D%2226%22%20fill%3D%22rgba%28255%2C255%2C255%2C0.78%29%22%20stroke%3D%22rgba%2824%2C33%2C43%2C0.12%29%22%2F%3E%0A%20%20%3Crect%20x%3D%22260%22%20y%3D%22320%22%20width%3D%22680%22%20height%3D%22224%22%20rx%3D%2220%22%20fill%3D%22%23B88B64%22%20opacity%3D%220.92%22%2F%3E%0A%20%20%3Crect%20x%3D%22260%22%20y%3D%22320%22%20width%3D%22680%22%20height%3D%2236%22%20rx%3D%2218%22%20fill%3D%22%239E714A%22%20opacity%3D%220.18%22%2F%3E%0A%20%20%3Crect%20x%3D%22308%22%20y%3D%22368%22%20width%3D%22180%22%20height%3D%22128%22%20rx%3D%2216%22%20fill%3D%22rgba%28255%2C255%2C255%2C0.35%29%22%2F%3E%0A%20%20%3Crect%20x%3D%22518%22%20y%3D%22368%22%20width%3D%22180%22%20height%3D%22128%22%20rx%3D%2216%22%20fill%3D%22rgba%28255%2C255%2C255%2C0.28%29%22%2F%3E%0A%20%20%3Crect%20x%3D%22728%22%20y%3D%22368%22%20width%3D%22164%22%20height%3D%22128%22%20rx%3D%2216%22%20fill%3D%22rgba%2824%2C33%2C43%2C0.12%29%22%2F%3E%0A%20%20%3Crect%20x%3D%22248%22%20y%3D%22566%22%20width%3D%22704%22%20height%3D%2222%22%20rx%3D%2211%22%20fill%3D%22%239E714A%22%20opacity%3D%220.18%22%2F%3E%0A%20%20%3Ctext%20x%3D%22170%22%20y%3D%22154%22%20fill%3D%22%23202F5B%22%20font-size%3D%2234%22%20font-family%3D%22Montserrat%2C%20Arial%2C%20sans-serif%22%20font-weight%3D%22700%22%3EM%C3%96BELS%20ALEJANDRO%3C%2Ftext%3E%0A%20%20%3Ctext%20x%3D%22170%22%20y%3D%22192%22%20fill%3D%22%234F8191%22%20font-size%3D%2222%22%20font-family%3D%22Manrope%2C%20Arial%2C%20sans-serif%22%3ECocina%20Modular%20Alba%20%C2%B7%20Roble%20Siena%20%C2%B7%20Detalle%20de%20terminacion%3C%2Ftext%3E%0A%20%20%3Ctext%20x%3D%22170%22%20y%3D%22734%22%20fill%3D%22%2318212B%22%20font-size%3D%2246%22%20font-family%3D%22Montserrat%2C%20Arial%2C%20sans-serif%22%20font-weight%3D%22700%22%3EMelamina%20premium%3C%2Ftext%3E%0A%20%20%3Ctext%20x%3D%22170%22%20y%3D%22778%22%20fill%3D%22%2360707D%22%20font-size%3D%2224%22%20font-family%3D%22Manrope%2C%20Arial%2C%20sans-serif%22%3EDisponible%20en%207%20dias%20%C2%B7%20Herrajes%20seleccionados%20%C2%B7%20Color%20Roble%20Siena%3C%2Ftext%3E%0A%3C%2Fsvg%3E', 'Cocina Modular Alba en Roble Siena', 1, '2026-04-11 14:09:21', '2026-04-11 14:09:21');
INSERT INTO `product_color_variant_images` (`id`, `product_color_variant_id`, `image_path`, `alt_text`, `sort_order`, `created_at`, `updated_at`) VALUES (6, 2, 'data:image/svg+xml;charset=UTF-8,%3Csvg%20xmlns%3D%22http%3A%2F%2Fwww.w3.org%2F2000%2Fsvg%22%20viewBox%3D%220%200%201200%20900%22%20role%3D%22img%22%20aria-label%3D%22Cocina%20Modular%20Alba%20Roble%20Siena%20Vista%20en%20ambiente%22%3E%0A%20%20%3Cdefs%3E%0A%20%20%20%20%3ClinearGradient%20id%3D%22bg%22%20x1%3D%220%25%22%20y1%3D%220%25%22%20x2%3D%22100%25%22%20y2%3D%22100%25%22%3E%0A%20%20%20%20%20%20%3Cstop%20offset%3D%220%25%22%20stop-color%3D%22%23F4F2EE%22%2F%3E%0A%20%20%20%20%20%20%3Cstop%20offset%3D%2250%25%22%20stop-color%3D%22%23CEA17A%22%2F%3E%0A%20%20%20%20%20%20%3Cstop%20offset%3D%22100%25%22%20stop-color%3D%22%23EEF3F5%22%2F%3E%0A%20%20%20%20%3C%2FlinearGradient%3E%0A%20%20%20%20%3ClinearGradient%20id%3D%22panel%22%20x1%3D%220%25%22%20y1%3D%220%25%22%20x2%3D%22100%25%22%20y2%3D%22100%25%22%3E%0A%20%20%20%20%20%20%3Cstop%20offset%3D%220%25%22%20stop-color%3D%22%23B88B64%22%2F%3E%0A%20%20%20%20%20%20%3Cstop%20offset%3D%22100%25%22%20stop-color%3D%22%239C6F48%22%2F%3E%0A%20%20%20%20%3C%2FlinearGradient%3E%0A%20%20%3C%2Fdefs%3E%0A%20%20%3Crect%20width%3D%221200%22%20height%3D%22900%22%20rx%3D%2248%22%20fill%3D%22url%28%23bg%29%22%2F%3E%0A%20%20%3Ccircle%20cx%3D%221020%22%20cy%3D%22160%22%20r%3D%22140%22%20fill%3D%22%23CEA17A%22%20opacity%3D%220.4%22%2F%3E%0A%20%20%3Ccircle%20cx%3D%22180%22%20cy%3D%22760%22%20r%3D%22180%22%20fill%3D%22%239C6F48%22%20opacity%3D%220.15%22%2F%3E%0A%20%20%3Crect%20x%3D%2292%22%20y%3D%2286%22%20width%3D%221016%22%20height%3D%22728%22%20rx%3D%2236%22%20fill%3D%22rgba%28255%2C255%2C255%2C0.55%29%22%20stroke%3D%22rgba%2824%2C33%2C43%2C0.08%29%22%2F%3E%0A%20%20%3Crect%20x%3D%22170%22%20y%3D%22220%22%20width%3D%22860%22%20height%3D%22420%22%20rx%3D%2230%22%20fill%3D%22url%28%23panel%29%22%20opacity%3D%220.18%22%2F%3E%0A%20%20%3Crect%20x%3D%22218%22%20y%3D%22278%22%20width%3D%22764%22%20height%3D%22308%22%20rx%3D%2226%22%20fill%3D%22rgba%28255%2C255%2C255%2C0.78%29%22%20stroke%3D%22rgba%2824%2C33%2C43%2C0.12%29%22%2F%3E%0A%20%20%3Crect%20x%3D%22260%22%20y%3D%22320%22%20width%3D%22680%22%20height%3D%22224%22%20rx%3D%2220%22%20fill%3D%22%23B88B64%22%20opacity%3D%220.92%22%2F%3E%0A%20%20%3Crect%20x%3D%22260%22%20y%3D%22320%22%20width%3D%22680%22%20height%3D%2236%22%20rx%3D%2218%22%20fill%3D%22%239E714A%22%20opacity%3D%220.18%22%2F%3E%0A%20%20%3Crect%20x%3D%22308%22%20y%3D%22368%22%20width%3D%22180%22%20height%3D%22128%22%20rx%3D%2216%22%20fill%3D%22rgba%28255%2C255%2C255%2C0.35%29%22%2F%3E%0A%20%20%3Crect%20x%3D%22518%22%20y%3D%22368%22%20width%3D%22180%22%20height%3D%22128%22%20rx%3D%2216%22%20fill%3D%22rgba%28255%2C255%2C255%2C0.28%29%22%2F%3E%0A%20%20%3Crect%20x%3D%22728%22%20y%3D%22368%22%20width%3D%22164%22%20height%3D%22128%22%20rx%3D%2216%22%20fill%3D%22rgba%2824%2C33%2C43%2C0.12%29%22%2F%3E%0A%20%20%3Crect%20x%3D%22248%22%20y%3D%22566%22%20width%3D%22704%22%20height%3D%2222%22%20rx%3D%2211%22%20fill%3D%22%239E714A%22%20opacity%3D%220.18%22%2F%3E%0A%20%20%3Ctext%20x%3D%22170%22%20y%3D%22154%22%20fill%3D%22%23202F5B%22%20font-size%3D%2234%22%20font-family%3D%22Montserrat%2C%20Arial%2C%20sans-serif%22%20font-weight%3D%22700%22%3EM%C3%96BELS%20ALEJANDRO%3C%2Ftext%3E%0A%20%20%3Ctext%20x%3D%22170%22%20y%3D%22192%22%20fill%3D%22%234F8191%22%20font-size%3D%2222%22%20font-family%3D%22Manrope%2C%20Arial%2C%20sans-serif%22%3ECocina%20Modular%20Alba%20%C2%B7%20Roble%20Siena%20%C2%B7%20Vista%20en%20ambiente%3C%2Ftext%3E%0A%20%20%3Ctext%20x%3D%22170%22%20y%3D%22734%22%20fill%3D%22%2318212B%22%20font-size%3D%2246%22%20font-family%3D%22Montserrat%2C%20Arial%2C%20sans-serif%22%20font-weight%3D%22700%22%3EMelamina%20premium%3C%2Ftext%3E%0A%20%20%3Ctext%20x%3D%22170%22%20y%3D%22778%22%20fill%3D%22%2360707D%22%20font-size%3D%2224%22%20font-family%3D%22Manrope%2C%20Arial%2C%20sans-serif%22%3EDisponible%20en%207%20dias%20%C2%B7%20Herrajes%20seleccionados%20%C2%B7%20Color%20Roble%20Siena%3C%2Ftext%3E%0A%3C%2Fsvg%3E', 'Cocina Modular Alba en Roble Siena', 2, '2026-04-11 14:09:21', '2026-04-11 14:09:21');
INSERT INTO `product_color_variant_images` (`id`, `product_color_variant_id`, `image_path`, `alt_text`, `sort_order`, `created_at`, `updated_at`) VALUES (7, 3, 'data:image/svg+xml;charset=UTF-8,%3Csvg%20xmlns%3D%22http%3A%2F%2Fwww.w3.org%2F2000%2Fsvg%22%20viewBox%3D%220%200%201200%20900%22%20role%3D%22img%22%20aria-label%3D%22Placard%20Andes%20Lino%20Arena%20Vista%20frontal%22%3E%0A%20%20%3Cdefs%3E%0A%20%20%20%20%3ClinearGradient%20id%3D%22bg%22%20x1%3D%220%25%22%20y1%3D%220%25%22%20x2%3D%22100%25%22%20y2%3D%22100%25%22%3E%0A%20%20%20%20%20%20%3Cstop%20offset%3D%220%25%22%20stop-color%3D%22%23F4F2EE%22%2F%3E%0A%20%20%20%20%20%20%3Cstop%20offset%3D%2250%25%22%20stop-color%3D%22%23EEEBE4%22%2F%3E%0A%20%20%20%20%20%20%3Cstop%20offset%3D%22100%25%22%20stop-color%3D%22%23EEF3F5%22%2F%3E%0A%20%20%20%20%3C%2FlinearGradient%3E%0A%20%20%20%20%3ClinearGradient%20id%3D%22panel%22%20x1%3D%220%25%22%20y1%3D%220%25%22%20x2%3D%22100%25%22%20y2%3D%22100%25%22%3E%0A%20%20%20%20%20%20%3Cstop%20offset%3D%220%25%22%20stop-color%3D%22%23D8D5CE%22%2F%3E%0A%20%20%20%20%20%20%3Cstop%20offset%3D%22100%25%22%20stop-color%3D%22%23D8D5CE%22%2F%3E%0A%20%20%20%20%3C%2FlinearGradient%3E%0A%20%20%3C%2Fdefs%3E%0A%20%20%3Crect%20width%3D%221200%22%20height%3D%22900%22%20rx%3D%2248%22%20fill%3D%22url%28%23bg%29%22%2F%3E%0A%20%20%3Ccircle%20cx%3D%221020%22%20cy%3D%22160%22%20r%3D%22140%22%20fill%3D%22%23EEEBE4%22%20opacity%3D%220.4%22%2F%3E%0A%20%20%3Ccircle%20cx%3D%22180%22%20cy%3D%22760%22%20r%3D%22180%22%20fill%3D%22%23D8D5CE%22%20opacity%3D%220.15%22%2F%3E%0A%20%20%3Crect%20x%3D%2292%22%20y%3D%2286%22%20width%3D%221016%22%20height%3D%22728%22%20rx%3D%2236%22%20fill%3D%22rgba%28255%2C255%2C255%2C0.55%29%22%20stroke%3D%22rgba%2824%2C33%2C43%2C0.08%29%22%2F%3E%0A%20%20%3Crect%20x%3D%22170%22%20y%3D%22220%22%20width%3D%22860%22%20height%3D%22420%22%20rx%3D%2230%22%20fill%3D%22url%28%23panel%29%22%20opacity%3D%220.18%22%2F%3E%0A%20%20%3Crect%20x%3D%22218%22%20y%3D%22278%22%20width%3D%22764%22%20height%3D%22308%22%20rx%3D%2226%22%20fill%3D%22rgba%28255%2C255%2C255%2C0.78%29%22%20stroke%3D%22rgba%2824%2C33%2C43%2C0.12%29%22%2F%3E%0A%20%20%3Crect%20x%3D%22260%22%20y%3D%22320%22%20width%3D%22680%22%20height%3D%22224%22%20rx%3D%2220%22%20fill%3D%22%23D8D5CE%22%20opacity%3D%220.92%22%2F%3E%0A%20%20%3Crect%20x%3D%22260%22%20y%3D%22320%22%20width%3D%22680%22%20height%3D%2236%22%20rx%3D%2218%22%20fill%3D%22%23BEBBB4%22%20opacity%3D%220.18%22%2F%3E%0A%20%20%3Crect%20x%3D%22308%22%20y%3D%22368%22%20width%3D%22180%22%20height%3D%22128%22%20rx%3D%2216%22%20fill%3D%22rgba%28255%2C255%2C255%2C0.35%29%22%2F%3E%0A%20%20%3Crect%20x%3D%22518%22%20y%3D%22368%22%20width%3D%22180%22%20height%3D%22128%22%20rx%3D%2216%22%20fill%3D%22rgba%28255%2C255%2C255%2C0.28%29%22%2F%3E%0A%20%20%3Crect%20x%3D%22728%22%20y%3D%22368%22%20width%3D%22164%22%20height%3D%22128%22%20rx%3D%2216%22%20fill%3D%22rgba%2824%2C33%2C43%2C0.12%29%22%2F%3E%0A%20%20%3Crect%20x%3D%22248%22%20y%3D%22566%22%20width%3D%22704%22%20height%3D%2222%22%20rx%3D%2211%22%20fill%3D%22%23BEBBB4%22%20opacity%3D%220.18%22%2F%3E%0A%20%20%3Ctext%20x%3D%22170%22%20y%3D%22154%22%20fill%3D%22%23202F5B%22%20font-size%3D%2234%22%20font-family%3D%22Montserrat%2C%20Arial%2C%20sans-serif%22%20font-weight%3D%22700%22%3EM%C3%96BELS%20ALEJANDRO%3C%2Ftext%3E%0A%20%20%3Ctext%20x%3D%22170%22%20y%3D%22192%22%20fill%3D%22%234F8191%22%20font-size%3D%2222%22%20font-family%3D%22Manrope%2C%20Arial%2C%20sans-serif%22%3EPlacard%20Andes%20%C2%B7%20Lino%20Arena%20%C2%B7%20Vista%20frontal%3C%2Ftext%3E%0A%20%20%3Ctext%20x%3D%22170%22%20y%3D%22734%22%20fill%3D%22%2318212B%22%20font-size%3D%2246%22%20font-family%3D%22Montserrat%2C%20Arial%2C%20sans-serif%22%20font-weight%3D%22700%22%3EMelamina%20premium%3C%2Ftext%3E%0A%20%20%3Ctext%20x%3D%22170%22%20y%3D%22778%22%20fill%3D%22%2360707D%22%20font-size%3D%2224%22%20font-family%3D%22Manrope%2C%20Arial%2C%20sans-serif%22%3EDisponible%20en%207%20dias%20%C2%B7%20Herrajes%20seleccionados%20%C2%B7%20Color%20Lino%20Arena%3C%2Ftext%3E%0A%3C%2Fsvg%3E', 'Placard Andes en Lino Arena', 0, '2026-04-11 14:09:21', '2026-04-11 14:09:21');
INSERT INTO `product_color_variant_images` (`id`, `product_color_variant_id`, `image_path`, `alt_text`, `sort_order`, `created_at`, `updated_at`) VALUES (8, 3, 'data:image/svg+xml;charset=UTF-8,%3Csvg%20xmlns%3D%22http%3A%2F%2Fwww.w3.org%2F2000%2Fsvg%22%20viewBox%3D%220%200%201200%20900%22%20role%3D%22img%22%20aria-label%3D%22Placard%20Andes%20Lino%20Arena%20Detalle%20de%20terminacion%22%3E%0A%20%20%3Cdefs%3E%0A%20%20%20%20%3ClinearGradient%20id%3D%22bg%22%20x1%3D%220%25%22%20y1%3D%220%25%22%20x2%3D%22100%25%22%20y2%3D%22100%25%22%3E%0A%20%20%20%20%20%20%3Cstop%20offset%3D%220%25%22%20stop-color%3D%22%23F4F2EE%22%2F%3E%0A%20%20%20%20%20%20%3Cstop%20offset%3D%2250%25%22%20stop-color%3D%22%23EEEBE4%22%2F%3E%0A%20%20%20%20%20%20%3Cstop%20offset%3D%22100%25%22%20stop-color%3D%22%23EEF3F5%22%2F%3E%0A%20%20%20%20%3C%2FlinearGradient%3E%0A%20%20%20%20%3ClinearGradient%20id%3D%22panel%22%20x1%3D%220%25%22%20y1%3D%220%25%22%20x2%3D%22100%25%22%20y2%3D%22100%25%22%3E%0A%20%20%20%20%20%20%3Cstop%20offset%3D%220%25%22%20stop-color%3D%22%23D8D5CE%22%2F%3E%0A%20%20%20%20%20%20%3Cstop%20offset%3D%22100%25%22%20stop-color%3D%22%23CAC7C0%22%2F%3E%0A%20%20%20%20%3C%2FlinearGradient%3E%0A%20%20%3C%2Fdefs%3E%0A%20%20%3Crect%20width%3D%221200%22%20height%3D%22900%22%20rx%3D%2248%22%20fill%3D%22url%28%23bg%29%22%2F%3E%0A%20%20%3Ccircle%20cx%3D%221020%22%20cy%3D%22160%22%20r%3D%22140%22%20fill%3D%22%23EEEBE4%22%20opacity%3D%220.4%22%2F%3E%0A%20%20%3Ccircle%20cx%3D%22180%22%20cy%3D%22760%22%20r%3D%22180%22%20fill%3D%22%23CAC7C0%22%20opacity%3D%220.15%22%2F%3E%0A%20%20%3Crect%20x%3D%2292%22%20y%3D%2286%22%20width%3D%221016%22%20height%3D%22728%22%20rx%3D%2236%22%20fill%3D%22rgba%28255%2C255%2C255%2C0.55%29%22%20stroke%3D%22rgba%2824%2C33%2C43%2C0.08%29%22%2F%3E%0A%20%20%3Crect%20x%3D%22170%22%20y%3D%22220%22%20width%3D%22860%22%20height%3D%22420%22%20rx%3D%2230%22%20fill%3D%22url%28%23panel%29%22%20opacity%3D%220.18%22%2F%3E%0A%20%20%3Crect%20x%3D%22218%22%20y%3D%22278%22%20width%3D%22764%22%20height%3D%22308%22%20rx%3D%2226%22%20fill%3D%22rgba%28255%2C255%2C255%2C0.78%29%22%20stroke%3D%22rgba%2824%2C33%2C43%2C0.12%29%22%2F%3E%0A%20%20%3Crect%20x%3D%22260%22%20y%3D%22320%22%20width%3D%22680%22%20height%3D%22224%22%20rx%3D%2220%22%20fill%3D%22%23D8D5CE%22%20opacity%3D%220.92%22%2F%3E%0A%20%20%3Crect%20x%3D%22260%22%20y%3D%22320%22%20width%3D%22680%22%20height%3D%2236%22%20rx%3D%2218%22%20fill%3D%22%23BEBBB4%22%20opacity%3D%220.18%22%2F%3E%0A%20%20%3Crect%20x%3D%22308%22%20y%3D%22368%22%20width%3D%22180%22%20height%3D%22128%22%20rx%3D%2216%22%20fill%3D%22rgba%28255%2C255%2C255%2C0.35%29%22%2F%3E%0A%20%20%3Crect%20x%3D%22518%22%20y%3D%22368%22%20width%3D%22180%22%20height%3D%22128%22%20rx%3D%2216%22%20fill%3D%22rgba%28255%2C255%2C255%2C0.28%29%22%2F%3E%0A%20%20%3Crect%20x%3D%22728%22%20y%3D%22368%22%20width%3D%22164%22%20height%3D%22128%22%20rx%3D%2216%22%20fill%3D%22rgba%2824%2C33%2C43%2C0.12%29%22%2F%3E%0A%20%20%3Crect%20x%3D%22248%22%20y%3D%22566%22%20width%3D%22704%22%20height%3D%2222%22%20rx%3D%2211%22%20fill%3D%22%23BEBBB4%22%20opacity%3D%220.18%22%2F%3E%0A%20%20%3Ctext%20x%3D%22170%22%20y%3D%22154%22%20fill%3D%22%23202F5B%22%20font-size%3D%2234%22%20font-family%3D%22Montserrat%2C%20Arial%2C%20sans-serif%22%20font-weight%3D%22700%22%3EM%C3%96BELS%20ALEJANDRO%3C%2Ftext%3E%0A%20%20%3Ctext%20x%3D%22170%22%20y%3D%22192%22%20fill%3D%22%234F8191%22%20font-size%3D%2222%22%20font-family%3D%22Manrope%2C%20Arial%2C%20sans-serif%22%3EPlacard%20Andes%20%C2%B7%20Lino%20Arena%20%C2%B7%20Detalle%20de%20terminacion%3C%2Ftext%3E%0A%20%20%3Ctext%20x%3D%22170%22%20y%3D%22734%22%20fill%3D%22%2318212B%22%20font-size%3D%2246%22%20font-family%3D%22Montserrat%2C%20Arial%2C%20sans-serif%22%20font-weight%3D%22700%22%3EMelamina%20premium%3C%2Ftext%3E%0A%20%20%3Ctext%20x%3D%22170%22%20y%3D%22778%22%20fill%3D%22%2360707D%22%20font-size%3D%2224%22%20font-family%3D%22Manrope%2C%20Arial%2C%20sans-serif%22%3EDisponible%20en%207%20dias%20%C2%B7%20Herrajes%20seleccionados%20%C2%B7%20Color%20Lino%20Arena%3C%2Ftext%3E%0A%3C%2Fsvg%3E', 'Placard Andes en Lino Arena', 1, '2026-04-11 14:09:21', '2026-04-11 14:09:21');
INSERT INTO `product_color_variant_images` (`id`, `product_color_variant_id`, `image_path`, `alt_text`, `sort_order`, `created_at`, `updated_at`) VALUES (9, 3, 'data:image/svg+xml;charset=UTF-8,%3Csvg%20xmlns%3D%22http%3A%2F%2Fwww.w3.org%2F2000%2Fsvg%22%20viewBox%3D%220%200%201200%20900%22%20role%3D%22img%22%20aria-label%3D%22Placard%20Andes%20Lino%20Arena%20Vista%20en%20ambiente%22%3E%0A%20%20%3Cdefs%3E%0A%20%20%20%20%3ClinearGradient%20id%3D%22bg%22%20x1%3D%220%25%22%20y1%3D%220%25%22%20x2%3D%22100%25%22%20y2%3D%22100%25%22%3E%0A%20%20%20%20%20%20%3Cstop%20offset%3D%220%25%22%20stop-color%3D%22%23F4F2EE%22%2F%3E%0A%20%20%20%20%20%20%3Cstop%20offset%3D%2250%25%22%20stop-color%3D%22%23EEEBE4%22%2F%3E%0A%20%20%20%20%20%20%3Cstop%20offset%3D%22100%25%22%20stop-color%3D%22%23EEF3F5%22%2F%3E%0A%20%20%20%20%3C%2FlinearGradient%3E%0A%20%20%20%20%3ClinearGradient%20id%3D%22panel%22%20x1%3D%220%25%22%20y1%3D%220%25%22%20x2%3D%22100%25%22%20y2%3D%22100%25%22%3E%0A%20%20%20%20%20%20%3Cstop%20offset%3D%220%25%22%20stop-color%3D%22%23D8D5CE%22%2F%3E%0A%20%20%20%20%20%20%3Cstop%20offset%3D%22100%25%22%20stop-color%3D%22%23BCB9B2%22%2F%3E%0A%20%20%20%20%3C%2FlinearGradient%3E%0A%20%20%3C%2Fdefs%3E%0A%20%20%3Crect%20width%3D%221200%22%20height%3D%22900%22%20rx%3D%2248%22%20fill%3D%22url%28%23bg%29%22%2F%3E%0A%20%20%3Ccircle%20cx%3D%221020%22%20cy%3D%22160%22%20r%3D%22140%22%20fill%3D%22%23EEEBE4%22%20opacity%3D%220.4%22%2F%3E%0A%20%20%3Ccircle%20cx%3D%22180%22%20cy%3D%22760%22%20r%3D%22180%22%20fill%3D%22%23BCB9B2%22%20opacity%3D%220.15%22%2F%3E%0A%20%20%3Crect%20x%3D%2292%22%20y%3D%2286%22%20width%3D%221016%22%20height%3D%22728%22%20rx%3D%2236%22%20fill%3D%22rgba%28255%2C255%2C255%2C0.55%29%22%20stroke%3D%22rgba%2824%2C33%2C43%2C0.08%29%22%2F%3E%0A%20%20%3Crect%20x%3D%22170%22%20y%3D%22220%22%20width%3D%22860%22%20height%3D%22420%22%20rx%3D%2230%22%20fill%3D%22url%28%23panel%29%22%20opacity%3D%220.18%22%2F%3E%0A%20%20%3Crect%20x%3D%22218%22%20y%3D%22278%22%20width%3D%22764%22%20height%3D%22308%22%20rx%3D%2226%22%20fill%3D%22rgba%28255%2C255%2C255%2C0.78%29%22%20stroke%3D%22rgba%2824%2C33%2C43%2C0.12%29%22%2F%3E%0A%20%20%3Crect%20x%3D%22260%22%20y%3D%22320%22%20width%3D%22680%22%20height%3D%22224%22%20rx%3D%2220%22%20fill%3D%22%23D8D5CE%22%20opacity%3D%220.92%22%2F%3E%0A%20%20%3Crect%20x%3D%22260%22%20y%3D%22320%22%20width%3D%22680%22%20height%3D%2236%22%20rx%3D%2218%22%20fill%3D%22%23BEBBB4%22%20opacity%3D%220.18%22%2F%3E%0A%20%20%3Crect%20x%3D%22308%22%20y%3D%22368%22%20width%3D%22180%22%20height%3D%22128%22%20rx%3D%2216%22%20fill%3D%22rgba%28255%2C255%2C255%2C0.35%29%22%2F%3E%0A%20%20%3Crect%20x%3D%22518%22%20y%3D%22368%22%20width%3D%22180%22%20height%3D%22128%22%20rx%3D%2216%22%20fill%3D%22rgba%28255%2C255%2C255%2C0.28%29%22%2F%3E%0A%20%20%3Crect%20x%3D%22728%22%20y%3D%22368%22%20width%3D%22164%22%20height%3D%22128%22%20rx%3D%2216%22%20fill%3D%22rgba%2824%2C33%2C43%2C0.12%29%22%2F%3E%0A%20%20%3Crect%20x%3D%22248%22%20y%3D%22566%22%20width%3D%22704%22%20height%3D%2222%22%20rx%3D%2211%22%20fill%3D%22%23BEBBB4%22%20opacity%3D%220.18%22%2F%3E%0A%20%20%3Ctext%20x%3D%22170%22%20y%3D%22154%22%20fill%3D%22%23202F5B%22%20font-size%3D%2234%22%20font-family%3D%22Montserrat%2C%20Arial%2C%20sans-serif%22%20font-weight%3D%22700%22%3EM%C3%96BELS%20ALEJANDRO%3C%2Ftext%3E%0A%20%20%3Ctext%20x%3D%22170%22%20y%3D%22192%22%20fill%3D%22%234F8191%22%20font-size%3D%2222%22%20font-family%3D%22Manrope%2C%20Arial%2C%20sans-serif%22%3EPlacard%20Andes%20%C2%B7%20Lino%20Arena%20%C2%B7%20Vista%20en%20ambiente%3C%2Ftext%3E%0A%20%20%3Ctext%20x%3D%22170%22%20y%3D%22734%22%20fill%3D%22%2318212B%22%20font-size%3D%2246%22%20font-family%3D%22Montserrat%2C%20Arial%2C%20sans-serif%22%20font-weight%3D%22700%22%3EMelamina%20premium%3C%2Ftext%3E%0A%20%20%3Ctext%20x%3D%22170%22%20y%3D%22778%22%20fill%3D%22%2360707D%22%20font-size%3D%2224%22%20font-family%3D%22Manrope%2C%20Arial%2C%20sans-serif%22%3EDisponible%20en%207%20dias%20%C2%B7%20Herrajes%20seleccionados%20%C2%B7%20Color%20Lino%20Arena%3C%2Ftext%3E%0A%3C%2Fsvg%3E', 'Placard Andes en Lino Arena', 2, '2026-04-11 14:09:21', '2026-04-11 14:09:21');
INSERT INTO `product_color_variant_images` (`id`, `product_color_variant_id`, `image_path`, `alt_text`, `sort_order`, `created_at`, `updated_at`) VALUES (10, 4, 'data:image/svg+xml;charset=UTF-8,%3Csvg%20xmlns%3D%22http%3A%2F%2Fwww.w3.org%2F2000%2Fsvg%22%20viewBox%3D%220%200%201200%20900%22%20role%3D%22img%22%20aria-label%3D%22Placard%20Andes%20Nogal%20Andino%20Vista%20frontal%22%3E%0A%20%20%3Cdefs%3E%0A%20%20%20%20%3ClinearGradient%20id%3D%22bg%22%20x1%3D%220%25%22%20y1%3D%220%25%22%20x2%3D%22100%25%22%20y2%3D%22100%25%22%3E%0A%20%20%20%20%20%20%3Cstop%20offset%3D%220%25%22%20stop-color%3D%22%23F4F2EE%22%2F%3E%0A%20%20%20%20%20%20%3Cstop%20offset%3D%2250%25%22%20stop-color%3D%22%23816F5E%22%2F%3E%0A%20%20%20%20%20%20%3Cstop%20offset%3D%22100%25%22%20stop-color%3D%22%23EEF3F5%22%2F%3E%0A%20%20%20%20%3C%2FlinearGradient%3E%0A%20%20%20%20%3ClinearGradient%20id%3D%22panel%22%20x1%3D%220%25%22%20y1%3D%220%25%22%20x2%3D%22100%25%22%20y2%3D%22100%25%22%3E%0A%20%20%20%20%20%20%3Cstop%20offset%3D%220%25%22%20stop-color%3D%22%236B5948%22%2F%3E%0A%20%20%20%20%20%20%3Cstop%20offset%3D%22100%25%22%20stop-color%3D%22%236B5948%22%2F%3E%0A%20%20%20%20%3C%2FlinearGradient%3E%0A%20%20%3C%2Fdefs%3E%0A%20%20%3Crect%20width%3D%221200%22%20height%3D%22900%22%20rx%3D%2248%22%20fill%3D%22url%28%23bg%29%22%2F%3E%0A%20%20%3Ccircle%20cx%3D%221020%22%20cy%3D%22160%22%20r%3D%22140%22%20fill%3D%22%23816F5E%22%20opacity%3D%220.4%22%2F%3E%0A%20%20%3Ccircle%20cx%3D%22180%22%20cy%3D%22760%22%20r%3D%22180%22%20fill%3D%22%236B5948%22%20opacity%3D%220.15%22%2F%3E%0A%20%20%3Crect%20x%3D%2292%22%20y%3D%2286%22%20width%3D%221016%22%20height%3D%22728%22%20rx%3D%2236%22%20fill%3D%22rgba%28255%2C255%2C255%2C0.55%29%22%20stroke%3D%22rgba%2824%2C33%2C43%2C0.08%29%22%2F%3E%0A%20%20%3Crect%20x%3D%22170%22%20y%3D%22220%22%20width%3D%22860%22%20height%3D%22420%22%20rx%3D%2230%22%20fill%3D%22url%28%23panel%29%22%20opacity%3D%220.18%22%2F%3E%0A%20%20%3Crect%20x%3D%22218%22%20y%3D%22278%22%20width%3D%22764%22%20height%3D%22308%22%20rx%3D%2226%22%20fill%3D%22rgba%28255%2C255%2C255%2C0.78%29%22%20stroke%3D%22rgba%2824%2C33%2C43%2C0.12%29%22%2F%3E%0A%20%20%3Crect%20x%3D%22260%22%20y%3D%22320%22%20width%3D%22680%22%20height%3D%22224%22%20rx%3D%2220%22%20fill%3D%22%236B5948%22%20opacity%3D%220.92%22%2F%3E%0A%20%20%3Crect%20x%3D%22260%22%20y%3D%22320%22%20width%3D%22680%22%20height%3D%2236%22%20rx%3D%2218%22%20fill%3D%22%23513F2E%22%20opacity%3D%220.18%22%2F%3E%0A%20%20%3Crect%20x%3D%22308%22%20y%3D%22368%22%20width%3D%22180%22%20height%3D%22128%22%20rx%3D%2216%22%20fill%3D%22rgba%28255%2C255%2C255%2C0.35%29%22%2F%3E%0A%20%20%3Crect%20x%3D%22518%22%20y%3D%22368%22%20width%3D%22180%22%20height%3D%22128%22%20rx%3D%2216%22%20fill%3D%22rgba%28255%2C255%2C255%2C0.28%29%22%2F%3E%0A%20%20%3Crect%20x%3D%22728%22%20y%3D%22368%22%20width%3D%22164%22%20height%3D%22128%22%20rx%3D%2216%22%20fill%3D%22rgba%2824%2C33%2C43%2C0.12%29%22%2F%3E%0A%20%20%3Crect%20x%3D%22248%22%20y%3D%22566%22%20width%3D%22704%22%20height%3D%2222%22%20rx%3D%2211%22%20fill%3D%22%23513F2E%22%20opacity%3D%220.18%22%2F%3E%0A%20%20%3Ctext%20x%3D%22170%22%20y%3D%22154%22%20fill%3D%22%23202F5B%22%20font-size%3D%2234%22%20font-family%3D%22Montserrat%2C%20Arial%2C%20sans-serif%22%20font-weight%3D%22700%22%3EM%C3%96BELS%20ALEJANDRO%3C%2Ftext%3E%0A%20%20%3Ctext%20x%3D%22170%22%20y%3D%22192%22%20fill%3D%22%234F8191%22%20font-size%3D%2222%22%20font-family%3D%22Manrope%2C%20Arial%2C%20sans-serif%22%3EPlacard%20Andes%20%C2%B7%20Nogal%20Andino%20%C2%B7%20Vista%20frontal%3C%2Ftext%3E%0A%20%20%3Ctext%20x%3D%22170%22%20y%3D%22734%22%20fill%3D%22%2318212B%22%20font-size%3D%2246%22%20font-family%3D%22Montserrat%2C%20Arial%2C%20sans-serif%22%20font-weight%3D%22700%22%3EMelamina%20premium%3C%2Ftext%3E%0A%20%20%3Ctext%20x%3D%22170%22%20y%3D%22778%22%20fill%3D%22%2360707D%22%20font-size%3D%2224%22%20font-family%3D%22Manrope%2C%20Arial%2C%20sans-serif%22%3EDisponible%20en%207%20dias%20%C2%B7%20Herrajes%20seleccionados%20%C2%B7%20Color%20Nogal%20Andino%3C%2Ftext%3E%0A%3C%2Fsvg%3E', 'Placard Andes en Nogal Andino', 0, '2026-04-11 14:09:21', '2026-04-11 14:09:21');
INSERT INTO `product_color_variant_images` (`id`, `product_color_variant_id`, `image_path`, `alt_text`, `sort_order`, `created_at`, `updated_at`) VALUES (11, 4, 'data:image/svg+xml;charset=UTF-8,%3Csvg%20xmlns%3D%22http%3A%2F%2Fwww.w3.org%2F2000%2Fsvg%22%20viewBox%3D%220%200%201200%20900%22%20role%3D%22img%22%20aria-label%3D%22Placard%20Andes%20Nogal%20Andino%20Detalle%20de%20terminacion%22%3E%0A%20%20%3Cdefs%3E%0A%20%20%20%20%3ClinearGradient%20id%3D%22bg%22%20x1%3D%220%25%22%20y1%3D%220%25%22%20x2%3D%22100%25%22%20y2%3D%22100%25%22%3E%0A%20%20%20%20%20%20%3Cstop%20offset%3D%220%25%22%20stop-color%3D%22%23F4F2EE%22%2F%3E%0A%20%20%20%20%20%20%3Cstop%20offset%3D%2250%25%22%20stop-color%3D%22%23816F5E%22%2F%3E%0A%20%20%20%20%20%20%3Cstop%20offset%3D%22100%25%22%20stop-color%3D%22%23EEF3F5%22%2F%3E%0A%20%20%20%20%3C%2FlinearGradient%3E%0A%20%20%20%20%3ClinearGradient%20id%3D%22panel%22%20x1%3D%220%25%22%20y1%3D%220%25%22%20x2%3D%22100%25%22%20y2%3D%22100%25%22%3E%0A%20%20%20%20%20%20%3Cstop%20offset%3D%220%25%22%20stop-color%3D%22%236B5948%22%2F%3E%0A%20%20%20%20%20%20%3Cstop%20offset%3D%22100%25%22%20stop-color%3D%22%235D4B3A%22%2F%3E%0A%20%20%20%20%3C%2FlinearGradient%3E%0A%20%20%3C%2Fdefs%3E%0A%20%20%3Crect%20width%3D%221200%22%20height%3D%22900%22%20rx%3D%2248%22%20fill%3D%22url%28%23bg%29%22%2F%3E%0A%20%20%3Ccircle%20cx%3D%221020%22%20cy%3D%22160%22%20r%3D%22140%22%20fill%3D%22%23816F5E%22%20opacity%3D%220.4%22%2F%3E%0A%20%20%3Ccircle%20cx%3D%22180%22%20cy%3D%22760%22%20r%3D%22180%22%20fill%3D%22%235D4B3A%22%20opacity%3D%220.15%22%2F%3E%0A%20%20%3Crect%20x%3D%2292%22%20y%3D%2286%22%20width%3D%221016%22%20height%3D%22728%22%20rx%3D%2236%22%20fill%3D%22rgba%28255%2C255%2C255%2C0.55%29%22%20stroke%3D%22rgba%2824%2C33%2C43%2C0.08%29%22%2F%3E%0A%20%20%3Crect%20x%3D%22170%22%20y%3D%22220%22%20width%3D%22860%22%20height%3D%22420%22%20rx%3D%2230%22%20fill%3D%22url%28%23panel%29%22%20opacity%3D%220.18%22%2F%3E%0A%20%20%3Crect%20x%3D%22218%22%20y%3D%22278%22%20width%3D%22764%22%20height%3D%22308%22%20rx%3D%2226%22%20fill%3D%22rgba%28255%2C255%2C255%2C0.78%29%22%20stroke%3D%22rgba%2824%2C33%2C43%2C0.12%29%22%2F%3E%0A%20%20%3Crect%20x%3D%22260%22%20y%3D%22320%22%20width%3D%22680%22%20height%3D%22224%22%20rx%3D%2220%22%20fill%3D%22%236B5948%22%20opacity%3D%220.92%22%2F%3E%0A%20%20%3Crect%20x%3D%22260%22%20y%3D%22320%22%20width%3D%22680%22%20height%3D%2236%22%20rx%3D%2218%22%20fill%3D%22%23513F2E%22%20opacity%3D%220.18%22%2F%3E%0A%20%20%3Crect%20x%3D%22308%22%20y%3D%22368%22%20width%3D%22180%22%20height%3D%22128%22%20rx%3D%2216%22%20fill%3D%22rgba%28255%2C255%2C255%2C0.35%29%22%2F%3E%0A%20%20%3Crect%20x%3D%22518%22%20y%3D%22368%22%20width%3D%22180%22%20height%3D%22128%22%20rx%3D%2216%22%20fill%3D%22rgba%28255%2C255%2C255%2C0.28%29%22%2F%3E%0A%20%20%3Crect%20x%3D%22728%22%20y%3D%22368%22%20width%3D%22164%22%20height%3D%22128%22%20rx%3D%2216%22%20fill%3D%22rgba%2824%2C33%2C43%2C0.12%29%22%2F%3E%0A%20%20%3Crect%20x%3D%22248%22%20y%3D%22566%22%20width%3D%22704%22%20height%3D%2222%22%20rx%3D%2211%22%20fill%3D%22%23513F2E%22%20opacity%3D%220.18%22%2F%3E%0A%20%20%3Ctext%20x%3D%22170%22%20y%3D%22154%22%20fill%3D%22%23202F5B%22%20font-size%3D%2234%22%20font-family%3D%22Montserrat%2C%20Arial%2C%20sans-serif%22%20font-weight%3D%22700%22%3EM%C3%96BELS%20ALEJANDRO%3C%2Ftext%3E%0A%20%20%3Ctext%20x%3D%22170%22%20y%3D%22192%22%20fill%3D%22%234F8191%22%20font-size%3D%2222%22%20font-family%3D%22Manrope%2C%20Arial%2C%20sans-serif%22%3EPlacard%20Andes%20%C2%B7%20Nogal%20Andino%20%C2%B7%20Detalle%20de%20terminacion%3C%2Ftext%3E%0A%20%20%3Ctext%20x%3D%22170%22%20y%3D%22734%22%20fill%3D%22%2318212B%22%20font-size%3D%2246%22%20font-family%3D%22Montserrat%2C%20Arial%2C%20sans-serif%22%20font-weight%3D%22700%22%3EMelamina%20premium%3C%2Ftext%3E%0A%20%20%3Ctext%20x%3D%22170%22%20y%3D%22778%22%20fill%3D%22%2360707D%22%20font-size%3D%2224%22%20font-family%3D%22Manrope%2C%20Arial%2C%20sans-serif%22%3EDisponible%20en%207%20dias%20%C2%B7%20Herrajes%20seleccionados%20%C2%B7%20Color%20Nogal%20Andino%3C%2Ftext%3E%0A%3C%2Fsvg%3E', 'Placard Andes en Nogal Andino', 1, '2026-04-11 14:09:21', '2026-04-11 14:09:21');
INSERT INTO `product_color_variant_images` (`id`, `product_color_variant_id`, `image_path`, `alt_text`, `sort_order`, `created_at`, `updated_at`) VALUES (12, 4, 'data:image/svg+xml;charset=UTF-8,%3Csvg%20xmlns%3D%22http%3A%2F%2Fwww.w3.org%2F2000%2Fsvg%22%20viewBox%3D%220%200%201200%20900%22%20role%3D%22img%22%20aria-label%3D%22Placard%20Andes%20Nogal%20Andino%20Vista%20en%20ambiente%22%3E%0A%20%20%3Cdefs%3E%0A%20%20%20%20%3ClinearGradient%20id%3D%22bg%22%20x1%3D%220%25%22%20y1%3D%220%25%22%20x2%3D%22100%25%22%20y2%3D%22100%25%22%3E%0A%20%20%20%20%20%20%3Cstop%20offset%3D%220%25%22%20stop-color%3D%22%23F4F2EE%22%2F%3E%0A%20%20%20%20%20%20%3Cstop%20offset%3D%2250%25%22%20stop-color%3D%22%23816F5E%22%2F%3E%0A%20%20%20%20%20%20%3Cstop%20offset%3D%22100%25%22%20stop-color%3D%22%23EEF3F5%22%2F%3E%0A%20%20%20%20%3C%2FlinearGradient%3E%0A%20%20%20%20%3ClinearGradient%20id%3D%22panel%22%20x1%3D%220%25%22%20y1%3D%220%25%22%20x2%3D%22100%25%22%20y2%3D%22100%25%22%3E%0A%20%20%20%20%20%20%3Cstop%20offset%3D%220%25%22%20stop-color%3D%22%236B5948%22%2F%3E%0A%20%20%20%20%20%20%3Cstop%20offset%3D%22100%25%22%20stop-color%3D%22%234F3D2C%22%2F%3E%0A%20%20%20%20%3C%2FlinearGradient%3E%0A%20%20%3C%2Fdefs%3E%0A%20%20%3Crect%20width%3D%221200%22%20height%3D%22900%22%20rx%3D%2248%22%20fill%3D%22url%28%23bg%29%22%2F%3E%0A%20%20%3Ccircle%20cx%3D%221020%22%20cy%3D%22160%22%20r%3D%22140%22%20fill%3D%22%23816F5E%22%20opacity%3D%220.4%22%2F%3E%0A%20%20%3Ccircle%20cx%3D%22180%22%20cy%3D%22760%22%20r%3D%22180%22%20fill%3D%22%234F3D2C%22%20opacity%3D%220.15%22%2F%3E%0A%20%20%3Crect%20x%3D%2292%22%20y%3D%2286%22%20width%3D%221016%22%20height%3D%22728%22%20rx%3D%2236%22%20fill%3D%22rgba%28255%2C255%2C255%2C0.55%29%22%20stroke%3D%22rgba%2824%2C33%2C43%2C0.08%29%22%2F%3E%0A%20%20%3Crect%20x%3D%22170%22%20y%3D%22220%22%20width%3D%22860%22%20height%3D%22420%22%20rx%3D%2230%22%20fill%3D%22url%28%23panel%29%22%20opacity%3D%220.18%22%2F%3E%0A%20%20%3Crect%20x%3D%22218%22%20y%3D%22278%22%20width%3D%22764%22%20height%3D%22308%22%20rx%3D%2226%22%20fill%3D%22rgba%28255%2C255%2C255%2C0.78%29%22%20stroke%3D%22rgba%2824%2C33%2C43%2C0.12%29%22%2F%3E%0A%20%20%3Crect%20x%3D%22260%22%20y%3D%22320%22%20width%3D%22680%22%20height%3D%22224%22%20rx%3D%2220%22%20fill%3D%22%236B5948%22%20opacity%3D%220.92%22%2F%3E%0A%20%20%3Crect%20x%3D%22260%22%20y%3D%22320%22%20width%3D%22680%22%20height%3D%2236%22%20rx%3D%2218%22%20fill%3D%22%23513F2E%22%20opacity%3D%220.18%22%2F%3E%0A%20%20%3Crect%20x%3D%22308%22%20y%3D%22368%22%20width%3D%22180%22%20height%3D%22128%22%20rx%3D%2216%22%20fill%3D%22rgba%28255%2C255%2C255%2C0.35%29%22%2F%3E%0A%20%20%3Crect%20x%3D%22518%22%20y%3D%22368%22%20width%3D%22180%22%20height%3D%22128%22%20rx%3D%2216%22%20fill%3D%22rgba%28255%2C255%2C255%2C0.28%29%22%2F%3E%0A%20%20%3Crect%20x%3D%22728%22%20y%3D%22368%22%20width%3D%22164%22%20height%3D%22128%22%20rx%3D%2216%22%20fill%3D%22rgba%2824%2C33%2C43%2C0.12%29%22%2F%3E%0A%20%20%3Crect%20x%3D%22248%22%20y%3D%22566%22%20width%3D%22704%22%20height%3D%2222%22%20rx%3D%2211%22%20fill%3D%22%23513F2E%22%20opacity%3D%220.18%22%2F%3E%0A%20%20%3Ctext%20x%3D%22170%22%20y%3D%22154%22%20fill%3D%22%23202F5B%22%20font-size%3D%2234%22%20font-family%3D%22Montserrat%2C%20Arial%2C%20sans-serif%22%20font-weight%3D%22700%22%3EM%C3%96BELS%20ALEJANDRO%3C%2Ftext%3E%0A%20%20%3Ctext%20x%3D%22170%22%20y%3D%22192%22%20fill%3D%22%234F8191%22%20font-size%3D%2222%22%20font-family%3D%22Manrope%2C%20Arial%2C%20sans-serif%22%3EPlacard%20Andes%20%C2%B7%20Nogal%20Andino%20%C2%B7%20Vista%20en%20ambiente%3C%2Ftext%3E%0A%20%20%3Ctext%20x%3D%22170%22%20y%3D%22734%22%20fill%3D%22%2318212B%22%20font-size%3D%2246%22%20font-family%3D%22Montserrat%2C%20Arial%2C%20sans-serif%22%20font-weight%3D%22700%22%3EMelamina%20premium%3C%2Ftext%3E%0A%20%20%3Ctext%20x%3D%22170%22%20y%3D%22778%22%20fill%3D%22%2360707D%22%20font-size%3D%2224%22%20font-family%3D%22Manrope%2C%20Arial%2C%20sans-serif%22%3EDisponible%20en%207%20dias%20%C2%B7%20Herrajes%20seleccionados%20%C2%B7%20Color%20Nogal%20Andino%3C%2Ftext%3E%0A%3C%2Fsvg%3E', 'Placard Andes en Nogal Andino', 2, '2026-04-11 14:09:21', '2026-04-11 14:09:21');
INSERT INTO `product_color_variant_images` (`id`, `product_color_variant_id`, `image_path`, `alt_text`, `sort_order`, `created_at`, `updated_at`) VALUES (13, 5, 'data:image/svg+xml;charset=UTF-8,%3Csvg%20xmlns%3D%22http%3A%2F%2Fwww.w3.org%2F2000%2Fsvg%22%20viewBox%3D%220%200%201200%20900%22%20role%3D%22img%22%20aria-label%3D%22Escritorio%20Nativo%20Tortora%20Tecnico%20Vista%20frontal%22%3E%0A%20%20%3Cdefs%3E%0A%20%20%20%20%3ClinearGradient%20id%3D%22bg%22%20x1%3D%220%25%22%20y1%3D%220%25%22%20x2%3D%22100%25%22%20y2%3D%22100%25%22%3E%0A%20%20%20%20%20%20%3Cstop%20offset%3D%220%25%22%20stop-color%3D%22%23F4F2EE%22%2F%3E%0A%20%20%20%20%20%20%3Cstop%20offset%3D%2250%25%22%20stop-color%3D%22%23E7DAC6%22%2F%3E%0A%20%20%20%20%20%20%3Cstop%20offset%3D%22100%25%22%20stop-color%3D%22%23EEF3F5%22%2F%3E%0A%20%20%20%20%3C%2FlinearGradient%3E%0A%20%20%20%20%3ClinearGradient%20id%3D%22panel%22%20x1%3D%220%25%22%20y1%3D%220%25%22%20x2%3D%22100%25%22%20y2%3D%22100%25%22%3E%0A%20%20%20%20%20%20%3Cstop%20offset%3D%220%25%22%20stop-color%3D%22%23D1C4B0%22%2F%3E%0A%20%20%20%20%20%20%3Cstop%20offset%3D%22100%25%22%20stop-color%3D%22%23D1C4B0%22%2F%3E%0A%20%20%20%20%3C%2FlinearGradient%3E%0A%20%20%3C%2Fdefs%3E%0A%20%20%3Crect%20width%3D%221200%22%20height%3D%22900%22%20rx%3D%2248%22%20fill%3D%22url%28%23bg%29%22%2F%3E%0A%20%20%3Ccircle%20cx%3D%221020%22%20cy%3D%22160%22%20r%3D%22140%22%20fill%3D%22%23E7DAC6%22%20opacity%3D%220.4%22%2F%3E%0A%20%20%3Ccircle%20cx%3D%22180%22%20cy%3D%22760%22%20r%3D%22180%22%20fill%3D%22%23D1C4B0%22%20opacity%3D%220.15%22%2F%3E%0A%20%20%3Crect%20x%3D%2292%22%20y%3D%2286%22%20width%3D%221016%22%20height%3D%22728%22%20rx%3D%2236%22%20fill%3D%22rgba%28255%2C255%2C255%2C0.55%29%22%20stroke%3D%22rgba%2824%2C33%2C43%2C0.08%29%22%2F%3E%0A%20%20%3Crect%20x%3D%22170%22%20y%3D%22220%22%20width%3D%22860%22%20height%3D%22420%22%20rx%3D%2230%22%20fill%3D%22url%28%23panel%29%22%20opacity%3D%220.18%22%2F%3E%0A%20%20%3Crect%20x%3D%22218%22%20y%3D%22278%22%20width%3D%22764%22%20height%3D%22308%22%20rx%3D%2226%22%20fill%3D%22rgba%28255%2C255%2C255%2C0.78%29%22%20stroke%3D%22rgba%2824%2C33%2C43%2C0.12%29%22%2F%3E%0A%20%20%3Crect%20x%3D%22260%22%20y%3D%22320%22%20width%3D%22680%22%20height%3D%22224%22%20rx%3D%2220%22%20fill%3D%22%23D1C4B0%22%20opacity%3D%220.92%22%2F%3E%0A%20%20%3Crect%20x%3D%22260%22%20y%3D%22320%22%20width%3D%22680%22%20height%3D%2236%22%20rx%3D%2218%22%20fill%3D%22%23B7AA96%22%20opacity%3D%220.18%22%2F%3E%0A%20%20%3Crect%20x%3D%22308%22%20y%3D%22368%22%20width%3D%22180%22%20height%3D%22128%22%20rx%3D%2216%22%20fill%3D%22rgba%28255%2C255%2C255%2C0.35%29%22%2F%3E%0A%20%20%3Crect%20x%3D%22518%22%20y%3D%22368%22%20width%3D%22180%22%20height%3D%22128%22%20rx%3D%2216%22%20fill%3D%22rgba%28255%2C255%2C255%2C0.28%29%22%2F%3E%0A%20%20%3Crect%20x%3D%22728%22%20y%3D%22368%22%20width%3D%22164%22%20height%3D%22128%22%20rx%3D%2216%22%20fill%3D%22rgba%2824%2C33%2C43%2C0.12%29%22%2F%3E%0A%20%20%3Crect%20x%3D%22248%22%20y%3D%22566%22%20width%3D%22704%22%20height%3D%2222%22%20rx%3D%2211%22%20fill%3D%22%23B7AA96%22%20opacity%3D%220.18%22%2F%3E%0A%20%20%3Ctext%20x%3D%22170%22%20y%3D%22154%22%20fill%3D%22%23202F5B%22%20font-size%3D%2234%22%20font-family%3D%22Montserrat%2C%20Arial%2C%20sans-serif%22%20font-weight%3D%22700%22%3EM%C3%96BELS%20ALEJANDRO%3C%2Ftext%3E%0A%20%20%3Ctext%20x%3D%22170%22%20y%3D%22192%22%20fill%3D%22%234F8191%22%20font-size%3D%2222%22%20font-family%3D%22Manrope%2C%20Arial%2C%20sans-serif%22%3EEscritorio%20Nativo%20%C2%B7%20Tortora%20Tecnico%20%C2%B7%20Vista%20frontal%3C%2Ftext%3E%0A%20%20%3Ctext%20x%3D%22170%22%20y%3D%22734%22%20fill%3D%22%2318212B%22%20font-size%3D%2246%22%20font-family%3D%22Montserrat%2C%20Arial%2C%20sans-serif%22%20font-weight%3D%22700%22%3EMelamina%20premium%3C%2Ftext%3E%0A%20%20%3Ctext%20x%3D%22170%22%20y%3D%22778%22%20fill%3D%22%2360707D%22%20font-size%3D%2224%22%20font-family%3D%22Manrope%2C%20Arial%2C%20sans-serif%22%3EDisponible%20en%207%20dias%20%C2%B7%20Herrajes%20seleccionados%20%C2%B7%20Color%20Tortora%20Tecnico%3C%2Ftext%3E%0A%3C%2Fsvg%3E', 'Escritorio Nativo en Tortora Tecnico', 0, '2026-04-11 14:09:21', '2026-04-11 14:09:21');
INSERT INTO `product_color_variant_images` (`id`, `product_color_variant_id`, `image_path`, `alt_text`, `sort_order`, `created_at`, `updated_at`) VALUES (14, 5, 'data:image/svg+xml;charset=UTF-8,%3Csvg%20xmlns%3D%22http%3A%2F%2Fwww.w3.org%2F2000%2Fsvg%22%20viewBox%3D%220%200%201200%20900%22%20role%3D%22img%22%20aria-label%3D%22Escritorio%20Nativo%20Tortora%20Tecnico%20Detalle%20de%20terminacion%22%3E%0A%20%20%3Cdefs%3E%0A%20%20%20%20%3ClinearGradient%20id%3D%22bg%22%20x1%3D%220%25%22%20y1%3D%220%25%22%20x2%3D%22100%25%22%20y2%3D%22100%25%22%3E%0A%20%20%20%20%20%20%3Cstop%20offset%3D%220%25%22%20stop-color%3D%22%23F4F2EE%22%2F%3E%0A%20%20%20%20%20%20%3Cstop%20offset%3D%2250%25%22%20stop-color%3D%22%23E7DAC6%22%2F%3E%0A%20%20%20%20%20%20%3Cstop%20offset%3D%22100%25%22%20stop-color%3D%22%23EEF3F5%22%2F%3E%0A%20%20%20%20%3C%2FlinearGradient%3E%0A%20%20%20%20%3ClinearGradient%20id%3D%22panel%22%20x1%3D%220%25%22%20y1%3D%220%25%22%20x2%3D%22100%25%22%20y2%3D%22100%25%22%3E%0A%20%20%20%20%20%20%3Cstop%20offset%3D%220%25%22%20stop-color%3D%22%23D1C4B0%22%2F%3E%0A%20%20%20%20%20%20%3Cstop%20offset%3D%22100%25%22%20stop-color%3D%22%23C3B6A2%22%2F%3E%0A%20%20%20%20%3C%2FlinearGradient%3E%0A%20%20%3C%2Fdefs%3E%0A%20%20%3Crect%20width%3D%221200%22%20height%3D%22900%22%20rx%3D%2248%22%20fill%3D%22url%28%23bg%29%22%2F%3E%0A%20%20%3Ccircle%20cx%3D%221020%22%20cy%3D%22160%22%20r%3D%22140%22%20fill%3D%22%23E7DAC6%22%20opacity%3D%220.4%22%2F%3E%0A%20%20%3Ccircle%20cx%3D%22180%22%20cy%3D%22760%22%20r%3D%22180%22%20fill%3D%22%23C3B6A2%22%20opacity%3D%220.15%22%2F%3E%0A%20%20%3Crect%20x%3D%2292%22%20y%3D%2286%22%20width%3D%221016%22%20height%3D%22728%22%20rx%3D%2236%22%20fill%3D%22rgba%28255%2C255%2C255%2C0.55%29%22%20stroke%3D%22rgba%2824%2C33%2C43%2C0.08%29%22%2F%3E%0A%20%20%3Crect%20x%3D%22170%22%20y%3D%22220%22%20width%3D%22860%22%20height%3D%22420%22%20rx%3D%2230%22%20fill%3D%22url%28%23panel%29%22%20opacity%3D%220.18%22%2F%3E%0A%20%20%3Crect%20x%3D%22218%22%20y%3D%22278%22%20width%3D%22764%22%20height%3D%22308%22%20rx%3D%2226%22%20fill%3D%22rgba%28255%2C255%2C255%2C0.78%29%22%20stroke%3D%22rgba%2824%2C33%2C43%2C0.12%29%22%2F%3E%0A%20%20%3Crect%20x%3D%22260%22%20y%3D%22320%22%20width%3D%22680%22%20height%3D%22224%22%20rx%3D%2220%22%20fill%3D%22%23D1C4B0%22%20opacity%3D%220.92%22%2F%3E%0A%20%20%3Crect%20x%3D%22260%22%20y%3D%22320%22%20width%3D%22680%22%20height%3D%2236%22%20rx%3D%2218%22%20fill%3D%22%23B7AA96%22%20opacity%3D%220.18%22%2F%3E%0A%20%20%3Crect%20x%3D%22308%22%20y%3D%22368%22%20width%3D%22180%22%20height%3D%22128%22%20rx%3D%2216%22%20fill%3D%22rgba%28255%2C255%2C255%2C0.35%29%22%2F%3E%0A%20%20%3Crect%20x%3D%22518%22%20y%3D%22368%22%20width%3D%22180%22%20height%3D%22128%22%20rx%3D%2216%22%20fill%3D%22rgba%28255%2C255%2C255%2C0.28%29%22%2F%3E%0A%20%20%3Crect%20x%3D%22728%22%20y%3D%22368%22%20width%3D%22164%22%20height%3D%22128%22%20rx%3D%2216%22%20fill%3D%22rgba%2824%2C33%2C43%2C0.12%29%22%2F%3E%0A%20%20%3Crect%20x%3D%22248%22%20y%3D%22566%22%20width%3D%22704%22%20height%3D%2222%22%20rx%3D%2211%22%20fill%3D%22%23B7AA96%22%20opacity%3D%220.18%22%2F%3E%0A%20%20%3Ctext%20x%3D%22170%22%20y%3D%22154%22%20fill%3D%22%23202F5B%22%20font-size%3D%2234%22%20font-family%3D%22Montserrat%2C%20Arial%2C%20sans-serif%22%20font-weight%3D%22700%22%3EM%C3%96BELS%20ALEJANDRO%3C%2Ftext%3E%0A%20%20%3Ctext%20x%3D%22170%22%20y%3D%22192%22%20fill%3D%22%234F8191%22%20font-size%3D%2222%22%20font-family%3D%22Manrope%2C%20Arial%2C%20sans-serif%22%3EEscritorio%20Nativo%20%C2%B7%20Tortora%20Tecnico%20%C2%B7%20Detalle%20de%20terminacion%3C%2Ftext%3E%0A%20%20%3Ctext%20x%3D%22170%22%20y%3D%22734%22%20fill%3D%22%2318212B%22%20font-size%3D%2246%22%20font-family%3D%22Montserrat%2C%20Arial%2C%20sans-serif%22%20font-weight%3D%22700%22%3EMelamina%20premium%3C%2Ftext%3E%0A%20%20%3Ctext%20x%3D%22170%22%20y%3D%22778%22%20fill%3D%22%2360707D%22%20font-size%3D%2224%22%20font-family%3D%22Manrope%2C%20Arial%2C%20sans-serif%22%3EDisponible%20en%207%20dias%20%C2%B7%20Herrajes%20seleccionados%20%C2%B7%20Color%20Tortora%20Tecnico%3C%2Ftext%3E%0A%3C%2Fsvg%3E', 'Escritorio Nativo en Tortora Tecnico', 1, '2026-04-11 14:09:21', '2026-04-11 14:09:21');
INSERT INTO `product_color_variant_images` (`id`, `product_color_variant_id`, `image_path`, `alt_text`, `sort_order`, `created_at`, `updated_at`) VALUES (15, 5, 'data:image/svg+xml;charset=UTF-8,%3Csvg%20xmlns%3D%22http%3A%2F%2Fwww.w3.org%2F2000%2Fsvg%22%20viewBox%3D%220%200%201200%20900%22%20role%3D%22img%22%20aria-label%3D%22Escritorio%20Nativo%20Tortora%20Tecnico%20Vista%20en%20ambiente%22%3E%0A%20%20%3Cdefs%3E%0A%20%20%20%20%3ClinearGradient%20id%3D%22bg%22%20x1%3D%220%25%22%20y1%3D%220%25%22%20x2%3D%22100%25%22%20y2%3D%22100%25%22%3E%0A%20%20%20%20%20%20%3Cstop%20offset%3D%220%25%22%20stop-color%3D%22%23F4F2EE%22%2F%3E%0A%20%20%20%20%20%20%3Cstop%20offset%3D%2250%25%22%20stop-color%3D%22%23E7DAC6%22%2F%3E%0A%20%20%20%20%20%20%3Cstop%20offset%3D%22100%25%22%20stop-color%3D%22%23EEF3F5%22%2F%3E%0A%20%20%20%20%3C%2FlinearGradient%3E%0A%20%20%20%20%3ClinearGradient%20id%3D%22panel%22%20x1%3D%220%25%22%20y1%3D%220%25%22%20x2%3D%22100%25%22%20y2%3D%22100%25%22%3E%0A%20%20%20%20%20%20%3Cstop%20offset%3D%220%25%22%20stop-color%3D%22%23D1C4B0%22%2F%3E%0A%20%20%20%20%20%20%3Cstop%20offset%3D%22100%25%22%20stop-color%3D%22%23B5A894%22%2F%3E%0A%20%20%20%20%3C%2FlinearGradient%3E%0A%20%20%3C%2Fdefs%3E%0A%20%20%3Crect%20width%3D%221200%22%20height%3D%22900%22%20rx%3D%2248%22%20fill%3D%22url%28%23bg%29%22%2F%3E%0A%20%20%3Ccircle%20cx%3D%221020%22%20cy%3D%22160%22%20r%3D%22140%22%20fill%3D%22%23E7DAC6%22%20opacity%3D%220.4%22%2F%3E%0A%20%20%3Ccircle%20cx%3D%22180%22%20cy%3D%22760%22%20r%3D%22180%22%20fill%3D%22%23B5A894%22%20opacity%3D%220.15%22%2F%3E%0A%20%20%3Crect%20x%3D%2292%22%20y%3D%2286%22%20width%3D%221016%22%20height%3D%22728%22%20rx%3D%2236%22%20fill%3D%22rgba%28255%2C255%2C255%2C0.55%29%22%20stroke%3D%22rgba%2824%2C33%2C43%2C0.08%29%22%2F%3E%0A%20%20%3Crect%20x%3D%22170%22%20y%3D%22220%22%20width%3D%22860%22%20height%3D%22420%22%20rx%3D%2230%22%20fill%3D%22url%28%23panel%29%22%20opacity%3D%220.18%22%2F%3E%0A%20%20%3Crect%20x%3D%22218%22%20y%3D%22278%22%20width%3D%22764%22%20height%3D%22308%22%20rx%3D%2226%22%20fill%3D%22rgba%28255%2C255%2C255%2C0.78%29%22%20stroke%3D%22rgba%2824%2C33%2C43%2C0.12%29%22%2F%3E%0A%20%20%3Crect%20x%3D%22260%22%20y%3D%22320%22%20width%3D%22680%22%20height%3D%22224%22%20rx%3D%2220%22%20fill%3D%22%23D1C4B0%22%20opacity%3D%220.92%22%2F%3E%0A%20%20%3Crect%20x%3D%22260%22%20y%3D%22320%22%20width%3D%22680%22%20height%3D%2236%22%20rx%3D%2218%22%20fill%3D%22%23B7AA96%22%20opacity%3D%220.18%22%2F%3E%0A%20%20%3Crect%20x%3D%22308%22%20y%3D%22368%22%20width%3D%22180%22%20height%3D%22128%22%20rx%3D%2216%22%20fill%3D%22rgba%28255%2C255%2C255%2C0.35%29%22%2F%3E%0A%20%20%3Crect%20x%3D%22518%22%20y%3D%22368%22%20width%3D%22180%22%20height%3D%22128%22%20rx%3D%2216%22%20fill%3D%22rgba%28255%2C255%2C255%2C0.28%29%22%2F%3E%0A%20%20%3Crect%20x%3D%22728%22%20y%3D%22368%22%20width%3D%22164%22%20height%3D%22128%22%20rx%3D%2216%22%20fill%3D%22rgba%2824%2C33%2C43%2C0.12%29%22%2F%3E%0A%20%20%3Crect%20x%3D%22248%22%20y%3D%22566%22%20width%3D%22704%22%20height%3D%2222%22%20rx%3D%2211%22%20fill%3D%22%23B7AA96%22%20opacity%3D%220.18%22%2F%3E%0A%20%20%3Ctext%20x%3D%22170%22%20y%3D%22154%22%20fill%3D%22%23202F5B%22%20font-size%3D%2234%22%20font-family%3D%22Montserrat%2C%20Arial%2C%20sans-serif%22%20font-weight%3D%22700%22%3EM%C3%96BELS%20ALEJANDRO%3C%2Ftext%3E%0A%20%20%3Ctext%20x%3D%22170%22%20y%3D%22192%22%20fill%3D%22%234F8191%22%20font-size%3D%2222%22%20font-family%3D%22Manrope%2C%20Arial%2C%20sans-serif%22%3EEscritorio%20Nativo%20%C2%B7%20Tortora%20Tecnico%20%C2%B7%20Vista%20en%20ambiente%3C%2Ftext%3E%0A%20%20%3Ctext%20x%3D%22170%22%20y%3D%22734%22%20fill%3D%22%2318212B%22%20font-size%3D%2246%22%20font-family%3D%22Montserrat%2C%20Arial%2C%20sans-serif%22%20font-weight%3D%22700%22%3EMelamina%20premium%3C%2Ftext%3E%0A%20%20%3Ctext%20x%3D%22170%22%20y%3D%22778%22%20fill%3D%22%2360707D%22%20font-size%3D%2224%22%20font-family%3D%22Manrope%2C%20Arial%2C%20sans-serif%22%3EDisponible%20en%207%20dias%20%C2%B7%20Herrajes%20seleccionados%20%C2%B7%20Color%20Tortora%20Tecnico%3C%2Ftext%3E%0A%3C%2Fsvg%3E', 'Escritorio Nativo en Tortora Tecnico', 2, '2026-04-11 14:09:21', '2026-04-11 14:09:21');
INSERT INTO `product_color_variant_images` (`id`, `product_color_variant_id`, `image_path`, `alt_text`, `sort_order`, `created_at`, `updated_at`) VALUES (16, 6, 'data:image/svg+xml;charset=UTF-8,%3Csvg%20xmlns%3D%22http%3A%2F%2Fwww.w3.org%2F2000%2Fsvg%22%20viewBox%3D%220%200%201200%20900%22%20role%3D%22img%22%20aria-label%3D%22Escritorio%20Nativo%20Petroleo%20Urbano%20Vista%20frontal%22%3E%0A%20%20%3Cdefs%3E%0A%20%20%20%20%3ClinearGradient%20id%3D%22bg%22%20x1%3D%220%25%22%20y1%3D%220%25%22%20x2%3D%22100%25%22%20y2%3D%22100%25%22%3E%0A%20%20%20%20%20%20%3Cstop%20offset%3D%220%25%22%20stop-color%3D%22%23F4F2EE%22%2F%3E%0A%20%20%20%20%20%20%3Cstop%20offset%3D%2250%25%22%20stop-color%3D%22%23607489%22%2F%3E%0A%20%20%20%20%20%20%3Cstop%20offset%3D%22100%25%22%20stop-color%3D%22%23EEF3F5%22%2F%3E%0A%20%20%20%20%3C%2FlinearGradient%3E%0A%20%20%20%20%3ClinearGradient%20id%3D%22panel%22%20x1%3D%220%25%22%20y1%3D%220%25%22%20x2%3D%22100%25%22%20y2%3D%22100%25%22%3E%0A%20%20%20%20%20%20%3Cstop%20offset%3D%220%25%22%20stop-color%3D%22%234A5E73%22%2F%3E%0A%20%20%20%20%20%20%3Cstop%20offset%3D%22100%25%22%20stop-color%3D%22%234A5E73%22%2F%3E%0A%20%20%20%20%3C%2FlinearGradient%3E%0A%20%20%3C%2Fdefs%3E%0A%20%20%3Crect%20width%3D%221200%22%20height%3D%22900%22%20rx%3D%2248%22%20fill%3D%22url%28%23bg%29%22%2F%3E%0A%20%20%3Ccircle%20cx%3D%221020%22%20cy%3D%22160%22%20r%3D%22140%22%20fill%3D%22%23607489%22%20opacity%3D%220.4%22%2F%3E%0A%20%20%3Ccircle%20cx%3D%22180%22%20cy%3D%22760%22%20r%3D%22180%22%20fill%3D%22%234A5E73%22%20opacity%3D%220.15%22%2F%3E%0A%20%20%3Crect%20x%3D%2292%22%20y%3D%2286%22%20width%3D%221016%22%20height%3D%22728%22%20rx%3D%2236%22%20fill%3D%22rgba%28255%2C255%2C255%2C0.55%29%22%20stroke%3D%22rgba%2824%2C33%2C43%2C0.08%29%22%2F%3E%0A%20%20%3Crect%20x%3D%22170%22%20y%3D%22220%22%20width%3D%22860%22%20height%3D%22420%22%20rx%3D%2230%22%20fill%3D%22url%28%23panel%29%22%20opacity%3D%220.18%22%2F%3E%0A%20%20%3Crect%20x%3D%22218%22%20y%3D%22278%22%20width%3D%22764%22%20height%3D%22308%22%20rx%3D%2226%22%20fill%3D%22rgba%28255%2C255%2C255%2C0.78%29%22%20stroke%3D%22rgba%2824%2C33%2C43%2C0.12%29%22%2F%3E%0A%20%20%3Crect%20x%3D%22260%22%20y%3D%22320%22%20width%3D%22680%22%20height%3D%22224%22%20rx%3D%2220%22%20fill%3D%22%234A5E73%22%20opacity%3D%220.92%22%2F%3E%0A%20%20%3Crect%20x%3D%22260%22%20y%3D%22320%22%20width%3D%22680%22%20height%3D%2236%22%20rx%3D%2218%22%20fill%3D%22%23304459%22%20opacity%3D%220.18%22%2F%3E%0A%20%20%3Crect%20x%3D%22308%22%20y%3D%22368%22%20width%3D%22180%22%20height%3D%22128%22%20rx%3D%2216%22%20fill%3D%22rgba%28255%2C255%2C255%2C0.35%29%22%2F%3E%0A%20%20%3Crect%20x%3D%22518%22%20y%3D%22368%22%20width%3D%22180%22%20height%3D%22128%22%20rx%3D%2216%22%20fill%3D%22rgba%28255%2C255%2C255%2C0.28%29%22%2F%3E%0A%20%20%3Crect%20x%3D%22728%22%20y%3D%22368%22%20width%3D%22164%22%20height%3D%22128%22%20rx%3D%2216%22%20fill%3D%22rgba%2824%2C33%2C43%2C0.12%29%22%2F%3E%0A%20%20%3Crect%20x%3D%22248%22%20y%3D%22566%22%20width%3D%22704%22%20height%3D%2222%22%20rx%3D%2211%22%20fill%3D%22%23304459%22%20opacity%3D%220.18%22%2F%3E%0A%20%20%3Ctext%20x%3D%22170%22%20y%3D%22154%22%20fill%3D%22%23202F5B%22%20font-size%3D%2234%22%20font-family%3D%22Montserrat%2C%20Arial%2C%20sans-serif%22%20font-weight%3D%22700%22%3EM%C3%96BELS%20ALEJANDRO%3C%2Ftext%3E%0A%20%20%3Ctext%20x%3D%22170%22%20y%3D%22192%22%20fill%3D%22%234F8191%22%20font-size%3D%2222%22%20font-family%3D%22Manrope%2C%20Arial%2C%20sans-serif%22%3EEscritorio%20Nativo%20%C2%B7%20Petroleo%20Urbano%20%C2%B7%20Vista%20frontal%3C%2Ftext%3E%0A%20%20%3Ctext%20x%3D%22170%22%20y%3D%22734%22%20fill%3D%22%2318212B%22%20font-size%3D%2246%22%20font-family%3D%22Montserrat%2C%20Arial%2C%20sans-serif%22%20font-weight%3D%22700%22%3EMelamina%20premium%3C%2Ftext%3E%0A%20%20%3Ctext%20x%3D%22170%22%20y%3D%22778%22%20fill%3D%22%2360707D%22%20font-size%3D%2224%22%20font-family%3D%22Manrope%2C%20Arial%2C%20sans-serif%22%3EDisponible%20en%207%20dias%20%C2%B7%20Herrajes%20seleccionados%20%C2%B7%20Color%20Petroleo%20Urbano%3C%2Ftext%3E%0A%3C%2Fsvg%3E', 'Escritorio Nativo en Petroleo Urbano', 0, '2026-04-11 14:09:21', '2026-04-11 14:09:21');
INSERT INTO `product_color_variant_images` (`id`, `product_color_variant_id`, `image_path`, `alt_text`, `sort_order`, `created_at`, `updated_at`) VALUES (17, 6, 'data:image/svg+xml;charset=UTF-8,%3Csvg%20xmlns%3D%22http%3A%2F%2Fwww.w3.org%2F2000%2Fsvg%22%20viewBox%3D%220%200%201200%20900%22%20role%3D%22img%22%20aria-label%3D%22Escritorio%20Nativo%20Petroleo%20Urbano%20Detalle%20de%20terminacion%22%3E%0A%20%20%3Cdefs%3E%0A%20%20%20%20%3ClinearGradient%20id%3D%22bg%22%20x1%3D%220%25%22%20y1%3D%220%25%22%20x2%3D%22100%25%22%20y2%3D%22100%25%22%3E%0A%20%20%20%20%20%20%3Cstop%20offset%3D%220%25%22%20stop-color%3D%22%23F4F2EE%22%2F%3E%0A%20%20%20%20%20%20%3Cstop%20offset%3D%2250%25%22%20stop-color%3D%22%23607489%22%2F%3E%0A%20%20%20%20%20%20%3Cstop%20offset%3D%22100%25%22%20stop-color%3D%22%23EEF3F5%22%2F%3E%0A%20%20%20%20%3C%2FlinearGradient%3E%0A%20%20%20%20%3ClinearGradient%20id%3D%22panel%22%20x1%3D%220%25%22%20y1%3D%220%25%22%20x2%3D%22100%25%22%20y2%3D%22100%25%22%3E%0A%20%20%20%20%20%20%3Cstop%20offset%3D%220%25%22%20stop-color%3D%22%234A5E73%22%2F%3E%0A%20%20%20%20%20%20%3Cstop%20offset%3D%22100%25%22%20stop-color%3D%22%233C5065%22%2F%3E%0A%20%20%20%20%3C%2FlinearGradient%3E%0A%20%20%3C%2Fdefs%3E%0A%20%20%3Crect%20width%3D%221200%22%20height%3D%22900%22%20rx%3D%2248%22%20fill%3D%22url%28%23bg%29%22%2F%3E%0A%20%20%3Ccircle%20cx%3D%221020%22%20cy%3D%22160%22%20r%3D%22140%22%20fill%3D%22%23607489%22%20opacity%3D%220.4%22%2F%3E%0A%20%20%3Ccircle%20cx%3D%22180%22%20cy%3D%22760%22%20r%3D%22180%22%20fill%3D%22%233C5065%22%20opacity%3D%220.15%22%2F%3E%0A%20%20%3Crect%20x%3D%2292%22%20y%3D%2286%22%20width%3D%221016%22%20height%3D%22728%22%20rx%3D%2236%22%20fill%3D%22rgba%28255%2C255%2C255%2C0.55%29%22%20stroke%3D%22rgba%2824%2C33%2C43%2C0.08%29%22%2F%3E%0A%20%20%3Crect%20x%3D%22170%22%20y%3D%22220%22%20width%3D%22860%22%20height%3D%22420%22%20rx%3D%2230%22%20fill%3D%22url%28%23panel%29%22%20opacity%3D%220.18%22%2F%3E%0A%20%20%3Crect%20x%3D%22218%22%20y%3D%22278%22%20width%3D%22764%22%20height%3D%22308%22%20rx%3D%2226%22%20fill%3D%22rgba%28255%2C255%2C255%2C0.78%29%22%20stroke%3D%22rgba%2824%2C33%2C43%2C0.12%29%22%2F%3E%0A%20%20%3Crect%20x%3D%22260%22%20y%3D%22320%22%20width%3D%22680%22%20height%3D%22224%22%20rx%3D%2220%22%20fill%3D%22%234A5E73%22%20opacity%3D%220.92%22%2F%3E%0A%20%20%3Crect%20x%3D%22260%22%20y%3D%22320%22%20width%3D%22680%22%20height%3D%2236%22%20rx%3D%2218%22%20fill%3D%22%23304459%22%20opacity%3D%220.18%22%2F%3E%0A%20%20%3Crect%20x%3D%22308%22%20y%3D%22368%22%20width%3D%22180%22%20height%3D%22128%22%20rx%3D%2216%22%20fill%3D%22rgba%28255%2C255%2C255%2C0.35%29%22%2F%3E%0A%20%20%3Crect%20x%3D%22518%22%20y%3D%22368%22%20width%3D%22180%22%20height%3D%22128%22%20rx%3D%2216%22%20fill%3D%22rgba%28255%2C255%2C255%2C0.28%29%22%2F%3E%0A%20%20%3Crect%20x%3D%22728%22%20y%3D%22368%22%20width%3D%22164%22%20height%3D%22128%22%20rx%3D%2216%22%20fill%3D%22rgba%2824%2C33%2C43%2C0.12%29%22%2F%3E%0A%20%20%3Crect%20x%3D%22248%22%20y%3D%22566%22%20width%3D%22704%22%20height%3D%2222%22%20rx%3D%2211%22%20fill%3D%22%23304459%22%20opacity%3D%220.18%22%2F%3E%0A%20%20%3Ctext%20x%3D%22170%22%20y%3D%22154%22%20fill%3D%22%23202F5B%22%20font-size%3D%2234%22%20font-family%3D%22Montserrat%2C%20Arial%2C%20sans-serif%22%20font-weight%3D%22700%22%3EM%C3%96BELS%20ALEJANDRO%3C%2Ftext%3E%0A%20%20%3Ctext%20x%3D%22170%22%20y%3D%22192%22%20fill%3D%22%234F8191%22%20font-size%3D%2222%22%20font-family%3D%22Manrope%2C%20Arial%2C%20sans-serif%22%3EEscritorio%20Nativo%20%C2%B7%20Petroleo%20Urbano%20%C2%B7%20Detalle%20de%20terminacion%3C%2Ftext%3E%0A%20%20%3Ctext%20x%3D%22170%22%20y%3D%22734%22%20fill%3D%22%2318212B%22%20font-size%3D%2246%22%20font-family%3D%22Montserrat%2C%20Arial%2C%20sans-serif%22%20font-weight%3D%22700%22%3EMelamina%20premium%3C%2Ftext%3E%0A%20%20%3Ctext%20x%3D%22170%22%20y%3D%22778%22%20fill%3D%22%2360707D%22%20font-size%3D%2224%22%20font-family%3D%22Manrope%2C%20Arial%2C%20sans-serif%22%3EDisponible%20en%207%20dias%20%C2%B7%20Herrajes%20seleccionados%20%C2%B7%20Color%20Petroleo%20Urbano%3C%2Ftext%3E%0A%3C%2Fsvg%3E', 'Escritorio Nativo en Petroleo Urbano', 1, '2026-04-11 14:09:21', '2026-04-11 14:09:21');
INSERT INTO `product_color_variant_images` (`id`, `product_color_variant_id`, `image_path`, `alt_text`, `sort_order`, `created_at`, `updated_at`) VALUES (18, 6, 'data:image/svg+xml;charset=UTF-8,%3Csvg%20xmlns%3D%22http%3A%2F%2Fwww.w3.org%2F2000%2Fsvg%22%20viewBox%3D%220%200%201200%20900%22%20role%3D%22img%22%20aria-label%3D%22Escritorio%20Nativo%20Petroleo%20Urbano%20Vista%20en%20ambiente%22%3E%0A%20%20%3Cdefs%3E%0A%20%20%20%20%3ClinearGradient%20id%3D%22bg%22%20x1%3D%220%25%22%20y1%3D%220%25%22%20x2%3D%22100%25%22%20y2%3D%22100%25%22%3E%0A%20%20%20%20%20%20%3Cstop%20offset%3D%220%25%22%20stop-color%3D%22%23F4F2EE%22%2F%3E%0A%20%20%20%20%20%20%3Cstop%20offset%3D%2250%25%22%20stop-color%3D%22%23607489%22%2F%3E%0A%20%20%20%20%20%20%3Cstop%20offset%3D%22100%25%22%20stop-color%3D%22%23EEF3F5%22%2F%3E%0A%20%20%20%20%3C%2FlinearGradient%3E%0A%20%20%20%20%3ClinearGradient%20id%3D%22panel%22%20x1%3D%220%25%22%20y1%3D%220%25%22%20x2%3D%22100%25%22%20y2%3D%22100%25%22%3E%0A%20%20%20%20%20%20%3Cstop%20offset%3D%220%25%22%20stop-color%3D%22%234A5E73%22%2F%3E%0A%20%20%20%20%20%20%3Cstop%20offset%3D%22100%25%22%20stop-color%3D%22%232E4257%22%2F%3E%0A%20%20%20%20%3C%2FlinearGradient%3E%0A%20%20%3C%2Fdefs%3E%0A%20%20%3Crect%20width%3D%221200%22%20height%3D%22900%22%20rx%3D%2248%22%20fill%3D%22url%28%23bg%29%22%2F%3E%0A%20%20%3Ccircle%20cx%3D%221020%22%20cy%3D%22160%22%20r%3D%22140%22%20fill%3D%22%23607489%22%20opacity%3D%220.4%22%2F%3E%0A%20%20%3Ccircle%20cx%3D%22180%22%20cy%3D%22760%22%20r%3D%22180%22%20fill%3D%22%232E4257%22%20opacity%3D%220.15%22%2F%3E%0A%20%20%3Crect%20x%3D%2292%22%20y%3D%2286%22%20width%3D%221016%22%20height%3D%22728%22%20rx%3D%2236%22%20fill%3D%22rgba%28255%2C255%2C255%2C0.55%29%22%20stroke%3D%22rgba%2824%2C33%2C43%2C0.08%29%22%2F%3E%0A%20%20%3Crect%20x%3D%22170%22%20y%3D%22220%22%20width%3D%22860%22%20height%3D%22420%22%20rx%3D%2230%22%20fill%3D%22url%28%23panel%29%22%20opacity%3D%220.18%22%2F%3E%0A%20%20%3Crect%20x%3D%22218%22%20y%3D%22278%22%20width%3D%22764%22%20height%3D%22308%22%20rx%3D%2226%22%20fill%3D%22rgba%28255%2C255%2C255%2C0.78%29%22%20stroke%3D%22rgba%2824%2C33%2C43%2C0.12%29%22%2F%3E%0A%20%20%3Crect%20x%3D%22260%22%20y%3D%22320%22%20width%3D%22680%22%20height%3D%22224%22%20rx%3D%2220%22%20fill%3D%22%234A5E73%22%20opacity%3D%220.92%22%2F%3E%0A%20%20%3Crect%20x%3D%22260%22%20y%3D%22320%22%20width%3D%22680%22%20height%3D%2236%22%20rx%3D%2218%22%20fill%3D%22%23304459%22%20opacity%3D%220.18%22%2F%3E%0A%20%20%3Crect%20x%3D%22308%22%20y%3D%22368%22%20width%3D%22180%22%20height%3D%22128%22%20rx%3D%2216%22%20fill%3D%22rgba%28255%2C255%2C255%2C0.35%29%22%2F%3E%0A%20%20%3Crect%20x%3D%22518%22%20y%3D%22368%22%20width%3D%22180%22%20height%3D%22128%22%20rx%3D%2216%22%20fill%3D%22rgba%28255%2C255%2C255%2C0.28%29%22%2F%3E%0A%20%20%3Crect%20x%3D%22728%22%20y%3D%22368%22%20width%3D%22164%22%20height%3D%22128%22%20rx%3D%2216%22%20fill%3D%22rgba%2824%2C33%2C43%2C0.12%29%22%2F%3E%0A%20%20%3Crect%20x%3D%22248%22%20y%3D%22566%22%20width%3D%22704%22%20height%3D%2222%22%20rx%3D%2211%22%20fill%3D%22%23304459%22%20opacity%3D%220.18%22%2F%3E%0A%20%20%3Ctext%20x%3D%22170%22%20y%3D%22154%22%20fill%3D%22%23202F5B%22%20font-size%3D%2234%22%20font-family%3D%22Montserrat%2C%20Arial%2C%20sans-serif%22%20font-weight%3D%22700%22%3EM%C3%96BELS%20ALEJANDRO%3C%2Ftext%3E%0A%20%20%3Ctext%20x%3D%22170%22%20y%3D%22192%22%20fill%3D%22%234F8191%22%20font-size%3D%2222%22%20font-family%3D%22Manrope%2C%20Arial%2C%20sans-serif%22%3EEscritorio%20Nativo%20%C2%B7%20Petroleo%20Urbano%20%C2%B7%20Vista%20en%20ambiente%3C%2Ftext%3E%0A%20%20%3Ctext%20x%3D%22170%22%20y%3D%22734%22%20fill%3D%22%2318212B%22%20font-size%3D%2246%22%20font-family%3D%22Montserrat%2C%20Arial%2C%20sans-serif%22%20font-weight%3D%22700%22%3EMelamina%20premium%3C%2Ftext%3E%0A%20%20%3Ctext%20x%3D%22170%22%20y%3D%22778%22%20fill%3D%22%2360707D%22%20font-size%3D%2224%22%20font-family%3D%22Manrope%2C%20Arial%2C%20sans-serif%22%3EDisponible%20en%207%20dias%20%C2%B7%20Herrajes%20seleccionados%20%C2%B7%20Color%20Petroleo%20Urbano%3C%2Ftext%3E%0A%3C%2Fsvg%3E', 'Escritorio Nativo en Petroleo Urbano', 2, '2026-04-11 14:09:21', '2026-04-11 14:09:21');
INSERT INTO `product_color_variant_images` (`id`, `product_color_variant_id`, `image_path`, `alt_text`, `sort_order`, `created_at`, `updated_at`) VALUES (31, 13, 'uploads/product-variants/galleries/2cc5f4b9-8e5a-4831-95a9-4f7270498662.png', 'Rack Terra en EVEREST', 0, '2026-04-11 14:16:54', '2026-04-11 14:16:54');
INSERT INTO `product_color_variant_images` (`id`, `product_color_variant_id`, `image_path`, `alt_text`, `sort_order`, `created_at`, `updated_at`) VALUES (32, 14, 'uploads/product-variants/galleries/14cce49a-7753-44fc-a2d1-49657146033f.jpg', 'Rack Terra en JADE', 0, '2026-04-11 14:16:54', '2026-04-11 14:16:54');
INSERT INTO `product_color_variant_images` (`id`, `product_color_variant_id`, `image_path`, `alt_text`, `sort_order`, `created_at`, `updated_at`) VALUES (33, 15, 'uploads/product-variants/galleries/43c3ca28-66b0-4647-8ebb-b92bee75f6ee.png', 'Rack Terra en KIRI', 0, '2026-04-11 14:16:54', '2026-04-11 14:16:54');
INSERT INTO `product_color_variant_images` (`id`, `product_color_variant_id`, `image_path`, `alt_text`, `sort_order`, `created_at`, `updated_at`) VALUES (34, 16, 'uploads/product-variants/galleries/4ff43cf5-8851-49bb-add2-4492cabbd00d.jpg', 'Rack Terra en MERLOT', 0, '2026-04-11 14:16:54', '2026-04-11 14:16:54');

-- Table: orders
DELETE FROM `orders`;

-- Table: order_items
DELETE FROM `order_items`;

-- Table: quote_requests
DELETE FROM `quote_requests`;

SET FOREIGN_KEY_CHECKS=1;
